Gene,variant,CTCF start,CTCF end,Enhancer start,Enhancer end,Overlap code
SLC24A4-RIN3,rs10498633,"92,356,251","92,356,390","92,355,200","92,359,400",2
SLC24A4-RIN3,rs10498633,"92,356,251","92,356,390","92,355,200","92,359,400",3
SLC24A4-RIN3,rs10498633,"92,359,218","92,359,941","92,355,200","92,359,400",3
SLC24A4-RIN3,rs10498633,"92,359,218","92,359,941","92,355,200","92,359,400",6
SLC24A4-RIN3,rs10498633,"92,359,218","92,359,941","92,359,400","92,359,600",1
SLC24A4-RIN3,rs10498633,"92,359,218","92,359,941","92,359,400","92,359,600",5
SLC24A4-RIN3,rs10498633,"92,359,218","92,359,941","92,359,600","92,360,200",4
SLC24A4-RIN3,rs10498633,"92,359,218","92,359,941","92,359,600","92,360,200",5
SLC24A4-RIN3,rs10498633,"92,781,495","92,781,606","92,781,600","92,781,800",4
SLC24A4-RIN3,rs10498633,"92,781,495","92,781,606","92,781,600","92,781,800",5
SLC24A4-RIN3,rs10498633,"92,875,264","92,875,315","92,875,200","92,875,400",2
SLC24A4-RIN3,rs10498633,"92,875,264","92,875,315","92,875,200","92,875,400",3
SLC24A4-RIN3,rs10498633,"93,069,867","93,070,318","93,069,200","93,070,000",3
SLC24A4-RIN3,rs10498633,"93,069,867","93,070,318","93,069,200","93,070,000",6
SLC24A4-RIN3,rs10498633,"93,069,867","93,070,318","93,070,000","93,070,200",1
SLC24A4-RIN3,rs10498633,"93,069,867","93,070,318","93,070,000","93,070,200",5
SLC24A4-RIN3,rs10498633,"93,069,867","93,070,318","93,070,200","93,070,400",4
SLC24A4-RIN3,rs10498633,"93,069,867","93,070,318","93,070,200","93,070,400",5
SLC24A4-RIN3,rs10498633,"93,417,889","93,418,745","93,418,400","93,419,000",4
SLC24A4-RIN3,rs10498633,"93,417,889","93,418,745","93,418,400","93,419,000",5
SLC24A4-RIN3,rs10498633,"93,426,079","93,426,278","93,425,200","93,426,400",2
SLC24A4-RIN3,rs10498633,"93,426,079","93,426,278","93,425,200","93,426,400",3
PICALM,rs10792832,"85,538,731","85,538,826","85,538,400","85,539,000",2
PICALM,rs10792832,"85,538,731","85,538,826","85,538,400","85,539,000",3
PICALM,rs10792832,"85,659,873","85,659,981","85,659,800","85,660,000",2
PICALM,rs10792832,"85,659,873","85,659,981","85,659,800","85,660,000",3
PICALM,rs10792832,"85,826,946","85,827,240","85,826,800","85,827,400",2
PICALM,rs10792832,"85,826,946","85,827,240","85,826,800","85,827,400",3
PICALM,rs10792832,"85,894,716","85,894,788","85,894,600","85,894,800",2
PICALM,rs10792832,"85,894,716","85,894,788","85,894,600","85,894,800",3
PICALM,rs10792832,"85,895,916","85,896,023","85,895,600","85,896,200",2
PICALM,rs10792832,"85,895,916","85,896,023","85,895,600","85,896,200",3
PICALM,rs10792832,"85,908,740","85,908,871","85,908,400","85,908,800",3
PICALM,rs10792832,"85,908,740","85,908,871","85,908,400","85,908,800",6
PICALM,rs10792832,"86,170,758","86,170,883","86,170,600","86,170,800",3
PICALM,rs10792832,"86,170,758","86,170,883","86,170,600","86,170,800",6
PICALM,rs10792832,"86,170,758","86,170,883","86,170,800","86,171,000",4
PICALM,rs10792832,"86,170,758","86,170,883","86,170,800","86,171,000",5
PICALM,rs10792832,"86,262,838","86,262,950","86,262,800","86,263,000",2
PICALM,rs10792832,"86,262,838","86,262,950","86,262,800","86,263,000",3
CELF1,rs10838725,"47,174,021","47,174,170","47,174,000","47,174,200",2
CELF1,rs10838725,"47,174,021","47,174,170","47,174,000","47,174,200",3
CELF1,rs10838725,"47,174,490","47,175,049","47,174,400","47,175,400",2
CELF1,rs10838725,"47,174,490","47,175,049","47,174,400","47,175,400",3
CELF1,rs10838725,"47,182,327","47,183,636","47,182,200","47,183,200",3
CELF1,rs10838725,"47,182,327","47,183,636","47,182,200","47,183,200",6
CELF1,rs10838725,"47,209,949","47,210,061","47,209,800","47,210,000",3
CELF1,rs10838725,"47,209,949","47,210,061","47,209,800","47,210,000",6
CELF1,rs10838725,"47,255,521","47,255,936","47,255,400","47,255,600",3
CELF1,rs10838725,"47,255,521","47,255,936","47,255,400","47,255,600",6
CELF1,rs10838725,"47,255,521","47,255,936","47,255,600","47,256,200",4
CELF1,rs10838725,"47,255,521","47,255,936","47,255,600","47,256,200",5
CELF1,rs10838725,"47,280,808","47,281,473","47,280,800","47,281,600",2
CELF1,rs10838725,"47,280,808","47,281,473","47,280,800","47,281,600",3
CELF1,rs10838725,"47,428,506","47,428,746","47,428,400","47,428,600",3
CELF1,rs10838725,"47,428,506","47,428,746","47,428,400","47,428,600",6
CELF1,rs10838725,"47,428,506","47,428,746","47,428,600","47,428,800",4
CELF1,rs10838725,"47,428,506","47,428,746","47,428,600","47,428,800",5
CELF1,rs10838725,"47,464,604","47,464,890","47,464,200","47,465,200",2
CELF1,rs10838725,"47,464,604","47,464,890","47,464,200","47,465,200",3
CELF1,rs10838725,"47,475,628","47,476,068","47,475,600","47,476,000",3
CELF1,rs10838725,"47,475,628","47,476,068","47,475,600","47,476,000",6
CELF1,rs10838725,"47,621,301","47,621,338","47,621,000","47,621,800",2
CELF1,rs10838725,"47,621,301","47,621,338","47,621,000","47,621,800",3
CELF1,rs10838725,"47,963,251","47,963,383","47,963,200","47,964,000",2
CELF1,rs10838725,"47,963,251","47,963,383","47,963,200","47,964,000",3
CELF1,rs10838725,"47,963,902","47,964,051","47,963,200","47,964,000",3
CELF1,rs10838725,"47,963,902","47,964,051","47,963,200","47,964,000",6
CD2AP,rs10948363,"47,065,014","47,065,459","47,064,800","47,065,200",3
CD2AP,rs10948363,"47,065,014","47,065,459","47,064,800","47,065,200",6
SORL1,rs11218343,"121,317,657","121,317,796","121,317,600","121,317,800",2
SORL1,rs11218343,"121,317,657","121,317,796","121,317,600","121,317,800",3
SORL1,rs11218343,"121,404,807","121,405,232","121,404,400","121,405,000",3
SORL1,rs11218343,"121,404,807","121,405,232","121,404,400","121,405,000",6
SORL1,rs11218343,"121,404,807","121,405,232","121,405,000","121,405,200",1
SORL1,rs11218343,"121,404,807","121,405,232","121,405,000","121,405,200",5
SORL1,rs11218343,"121,404,807","121,405,232","121,405,200","121,405,600",4
SORL1,rs11218343,"121,404,807","121,405,232","121,405,200","121,405,600",5
SORL1,rs11218343,"121,741,412","121,741,558","121,741,200","121,741,800",2
SORL1,rs11218343,"121,741,412","121,741,558","121,741,200","121,741,800",3
SORL1,rs11218343,"121,837,996","121,838,035","121,837,800","121,838,000",3
SORL1,rs11218343,"121,837,996","121,838,035","121,837,800","121,838,000",6
EPHA1,rs11771145,"142,554,740","142,555,000","142,554,200","142,554,800",3
EPHA1,rs11771145,"142,554,740","142,555,000","142,554,200","142,554,800",6
EPHA1,rs11771145,"142,563,612","142,564,602","142,563,200","142,563,800",3
EPHA1,rs11771145,"142,563,612","142,564,602","142,563,200","142,563,800",6
EPHA1,rs11771145,"142,739,910","142,739,924","142,739,400","142,740,400",2
EPHA1,rs11771145,"142,739,910","142,739,924","142,739,400","142,740,400",3
EPHA1,rs11771145,"142,983,219","142,983,351","142,983,200","142,983,600",2
EPHA1,rs11771145,"142,983,219","142,983,351","142,983,200","142,983,600",3
EPHA1,rs11771145,"143,058,456","143,058,494","143,057,800","143,058,600",2
EPHA1,rs11771145,"143,058,456","143,058,494","143,057,800","143,058,600",3
EPHA1,rs11771145,"143,092,369","143,092,645","143,092,400","143,092,600",1
EPHA1,rs11771145,"143,092,369","143,092,645","143,092,400","143,092,600",5
EPHA1,rs11771145,"143,092,369","143,092,645","143,092,600","143,093,200",4
EPHA1,rs11771145,"143,092,369","143,092,645","143,092,600","143,093,200",5
ZCWPW1,rs1476679,"99,573,918","99,574,001","99,573,800","99,574,000",3
ZCWPW1,rs1476679,"99,573,918","99,574,001","99,573,800","99,574,000",6
ZCWPW1,rs1476679,"99,573,918","99,574,001","99,574,000","99,574,200",4
ZCWPW1,rs1476679,"99,573,918","99,574,001","99,574,000","99,574,200",5
ZCWPW1,rs1476679,"99,591,754","99,592,170","99,591,600","99,592,600",2
ZCWPW1,rs1476679,"99,591,754","99,592,170","99,591,600","99,592,600",3
ZCWPW1,rs1476679,"99,592,405","99,592,421","99,591,600","99,592,600",2
ZCWPW1,rs1476679,"99,592,405","99,592,421","99,591,600","99,592,600",3
ZCWPW1,rs1476679,"99,639,314","99,639,338","99,638,000","99,639,400",2
ZCWPW1,rs1476679,"99,639,314","99,639,338","99,638,000","99,639,400",3
ZCWPW1,rs1476679,"99,650,945","99,651,454","99,650,600","99,651,000",3
ZCWPW1,rs1476679,"99,650,945","99,651,454","99,650,600","99,651,000",6
ZCWPW1,rs1476679,"99,650,945","99,651,454","99,651,000","99,651,200",1
ZCWPW1,rs1476679,"99,650,945","99,651,454","99,651,000","99,651,200",5
ZCWPW1,rs1476679,"99,650,945","99,651,454","99,651,200","99,651,600",4
ZCWPW1,rs1476679,"99,650,945","99,651,454","99,651,200","99,651,600",5
ZCWPW1,rs1476679,"99,730,183","99,730,778","99,730,400","99,730,800",4
ZCWPW1,rs1476679,"99,730,183","99,730,778","99,730,400","99,730,800",5
ZCWPW1,rs1476679,"99,810,601","99,810,672","99,810,600","99,811,000",2
ZCWPW1,rs1476679,"99,810,601","99,810,672","99,810,600","99,811,000",3
ZCWPW1,rs1476679,"99,814,960","99,815,147","99,815,000","99,815,200",4
ZCWPW1,rs1476679,"99,814,960","99,815,147","99,815,000","99,815,200",5
ZCWPW1,rs1476679,"99,815,371","99,815,406","99,815,200","99,815,400",3
ZCWPW1,rs1476679,"99,815,371","99,815,406","99,815,200","99,815,400",6
ZCWPW1,rs1476679,"99,843,035","99,843,150","99,843,000","99,843,200",2
ZCWPW1,rs1476679,"99,843,035","99,843,150","99,843,000","99,843,200",3
ZCWPW1,rs1476679,"99,844,696","99,845,146","99,844,800","99,845,400",4
ZCWPW1,rs1476679,"99,844,696","99,845,146","99,844,800","99,845,400",5
ZCWPW1,rs1476679,"99,942,259","99,942,579","99,942,200","99,942,400",3
ZCWPW1,rs1476679,"99,942,259","99,942,579","99,942,200","99,942,400",6
ZCWPW1,rs1476679,"99,942,259","99,942,579","99,942,400","99,942,600",4
ZCWPW1,rs1476679,"99,942,259","99,942,579","99,942,400","99,942,600",5
ZCWPW1,rs1476679,"99,970,821","99,970,871","99,970,800","99,971,000",2
ZCWPW1,rs1476679,"99,970,821","99,970,871","99,970,800","99,971,000",3
ZCWPW1,rs1476679,"100,063,004","100,063,049","100,063,000","100,063,600",2
ZCWPW1,rs1476679,"100,063,004","100,063,049","100,063,000","100,063,600",3
ZCWPW1,rs1476679,"100,063,350","100,063,775","100,063,000","100,063,600",3
ZCWPW1,rs1476679,"100,063,350","100,063,775","100,063,000","100,063,600",6
ZCWPW1,rs1476679,"100,063,350","100,063,775","100,063,600","100,063,800",4
ZCWPW1,rs1476679,"100,063,350","100,063,775","100,063,600","100,063,800",5
ZCWPW1,rs1476679,"100,082,717","100,082,821","100,082,000","100,083,600",2
ZCWPW1,rs1476679,"100,082,717","100,082,821","100,082,000","100,083,600",3
ZCWPW1,rs1476679,"100,088,498","100,088,726","100,088,400","100,088,600",3
ZCWPW1,rs1476679,"100,088,498","100,088,726","100,088,400","100,088,600",6
ZCWPW1,rs1476679,"100,157,334","100,157,809","100,157,000","100,157,400",3
ZCWPW1,rs1476679,"100,157,334","100,157,809","100,157,000","100,157,400",6
ZCWPW1,rs1476679,"100,157,334","100,157,809","100,157,400","100,158,000",4
ZCWPW1,rs1476679,"100,157,334","100,157,809","100,157,400","100,158,000",5
ZCWPW1,rs1476679,"100,161,286","100,162,541","100,161,600","100,161,800",1
ZCWPW1,rs1476679,"100,161,286","100,162,541","100,161,600","100,161,800",5
ZCWPW1,rs1476679,"100,161,286","100,162,541","100,161,800","100,162,000",1
ZCWPW1,rs1476679,"100,161,286","100,162,541","100,161,800","100,162,000",5
ZCWPW1,rs1476679,"100,166,716","100,167,361","100,166,400","100,167,000",3
ZCWPW1,rs1476679,"100,166,716","100,167,361","100,166,400","100,167,000",6
ZCWPW1,rs1476679,"100,166,716","100,167,361","100,167,000","100,167,200",1
ZCWPW1,rs1476679,"100,166,716","100,167,361","100,167,000","100,167,200",5
ZCWPW1,rs1476679,"100,210,806","100,211,298","100,211,200","100,211,400",4
ZCWPW1,rs1476679,"100,210,806","100,211,298","100,211,200","100,211,400",5
ZCWPW1,rs1476679,"100,400,687","100,400,816","100,400,800","100,401,000",4
ZCWPW1,rs1476679,"100,400,687","100,400,816","100,400,800","100,401,000",5
ZCWPW1,rs1476679,"100,401,413","100,401,653","100,401,600","100,401,800",4
ZCWPW1,rs1476679,"100,401,413","100,401,653","100,401,600","100,401,800",5
ZCWPW1,rs1476679,"100,434,166","100,434,257","100,434,000","100,434,200",3
ZCWPW1,rs1476679,"100,434,166","100,434,257","100,434,000","100,434,200",6
ZCWPW1,rs1476679,"100,434,166","100,434,257","100,434,200","100,434,400",4
ZCWPW1,rs1476679,"100,434,166","100,434,257","100,434,200","100,434,400",5
ZCWPW1,rs1476679,"100,463,147","100,463,757","100,463,000","100,463,200",3
ZCWPW1,rs1476679,"100,463,147","100,463,757","100,463,000","100,463,200",6
ZCWPW1,rs1476679,"100,463,147","100,463,757","100,463,200","100,463,400",1
ZCWPW1,rs1476679,"100,463,147","100,463,757","100,463,200","100,463,400",5
FERMT2,rs17125944,"53,427,860","53,428,248","53,427,600","53,428,000",3
FERMT2,rs17125944,"53,427,860","53,428,248","53,427,600","53,428,000",6
FERMT2,rs17125944,"53,521,630","53,522,022","53,521,800","53,522,200",4
FERMT2,rs17125944,"53,521,630","53,522,022","53,521,800","53,522,200",5
FERMT2,rs17125944,"53,792,020","53,792,142","53,792,000","53,792,400",2
FERMT2,rs17125944,"53,792,020","53,792,142","53,792,000","53,792,400",3
FERMT2,rs17125944,"53,794,481","53,794,590","53,793,600","53,795,000",2
FERMT2,rs17125944,"53,794,481","53,794,590","53,793,600","53,795,000",3
FERMT2,rs17125944,"53,795,775","53,795,923","53,795,600","53,796,000",2
FERMT2,rs17125944,"53,795,775","53,795,923","53,795,600","53,796,000",3
NME8,rs2718058,"37,345,670","37,345,765","37,345,600","37,346,000",2
NME8,rs2718058,"37,345,670","37,345,765","37,345,600","37,346,000",3
NME8,rs2718058,"37,359,846","37,359,924","37,359,800","37,360,000",2
NME8,rs2718058,"37,359,846","37,359,924","37,359,800","37,360,000",3
NME8,rs2718058,"37,449,282","37,449,441","37,447,800","37,449,400",3
NME8,rs2718058,"37,449,282","37,449,441","37,447,800","37,449,400",6
NME8,rs2718058,"37,449,282","37,449,441","37,449,400","37,449,600",4
NME8,rs2718058,"37,449,282","37,449,441","37,449,400","37,449,600",5
NME8,rs2718058,"37,467,490","37,467,578","37,466,800","37,467,600",2
NME8,rs2718058,"37,467,490","37,467,578","37,466,800","37,467,600",3
NME8,rs2718058,"37,480,677","37,480,759","37,480,600","37,481,000",2
NME8,rs2718058,"37,480,677","37,480,759","37,480,600","37,481,000",3
NME8,rs2718058,"37,516,662","37,516,768","37,516,600","37,516,800",2
NME8,rs2718058,"37,516,662","37,516,768","37,516,600","37,516,800",3
NME8,rs2718058,"37,523,893","37,523,990","37,523,400","37,524,800",2
NME8,rs2718058,"37,523,893","37,523,990","37,523,400","37,524,800",3
NME8,rs2718058,"37,530,056","37,530,144","37,529,800","37,530,200",2
NME8,rs2718058,"37,530,056","37,530,144","37,529,800","37,530,200",3
NME8,rs2718058,"37,532,385","37,532,431","37,532,200","37,532,800",2
NME8,rs2718058,"37,532,385","37,532,431","37,532,200","37,532,800",3
NME8,rs2718058,"37,533,257","37,533,334","37,532,800","37,533,400",2
NME8,rs2718058,"37,533,257","37,533,334","37,532,800","37,533,400",3
NME8,rs2718058,"37,534,718","37,534,829","37,534,600","37,535,200",2
NME8,rs2718058,"37,534,718","37,534,829","37,534,600","37,535,200",3
NME8,rs2718058,"37,548,236","37,548,316","37,548,200","37,548,600",2
NME8,rs2718058,"37,548,236","37,548,316","37,548,200","37,548,600",3
NME8,rs2718058,"37,871,883","37,872,274","37,872,000","37,872,200",1
NME8,rs2718058,"37,871,883","37,872,274","37,872,000","37,872,200",5
NME8,rs2718058,"37,871,883","37,872,274","37,872,200","37,872,600",4
NME8,rs2718058,"37,871,883","37,872,274","37,872,200","37,872,600",5
NME8,rs2718058,"37,872,691","37,872,838","37,872,600","37,872,800",3
NME8,rs2718058,"37,872,691","37,872,838","37,872,600","37,872,800",6
NME8,rs2718058,"38,255,136","38,255,791","38,255,200","38,255,600",1
NME8,rs2718058,"38,255,136","38,255,791","38,255,200","38,255,600",5
NME8,rs2718058,"38,255,136","38,255,791","38,255,600","38,255,800",4
NME8,rs2718058,"38,255,136","38,255,791","38,255,600","38,255,800",5
NME8,rs2718058,"38,375,120","38,375,710","38,374,800","38,375,400",3
NME8,rs2718058,"38,375,120","38,375,710","38,374,800","38,375,400",6
NME8,rs2718058,"38,375,120","38,375,710","38,375,400","38,376,000",4
NME8,rs2718058,"38,375,120","38,375,710","38,375,400","38,376,000",5
PTK2B,rs28834970,"27,104,809","27,105,184","27,103,400","27,105,000",3
PTK2B,rs28834970,"27,104,809","27,105,184","27,103,400","27,105,000",6
PTK2B,rs28834970,"27,172,531","27,173,194","27,173,000","27,173,400",4
PTK2B,rs28834970,"27,172,531","27,173,194","27,173,000","27,173,400",5
PTK2B,rs28834970,"27,192,123","27,192,490","27,192,000","27,192,600",2
PTK2B,rs28834970,"27,192,123","27,192,490","27,192,000","27,192,600",3
PTK2B,rs28834970,"27,453,312","27,453,390","27,453,200","27,453,400",2
PTK2B,rs28834970,"27,453,312","27,453,390","27,453,200","27,453,400",3
PTK2B,rs28834970,"27,472,748","27,472,868","27,472,800","27,473,200",4
PTK2B,rs28834970,"27,472,748","27,472,868","27,472,800","27,473,200",5
PTK2B,rs28834970,"27,474,321","27,474,531","27,474,200","27,474,600",2
PTK2B,rs28834970,"27,474,321","27,474,531","27,474,200","27,474,600",3
PTK2B,rs28834970,"27,530,248","27,530,597","27,530,000","27,530,800",2
PTK2B,rs28834970,"27,530,248","27,530,597","27,530,000","27,530,800",3
PTK2B,rs28834970,"27,532,668","27,532,959","27,532,600","27,533,000",2
PTK2B,rs28834970,"27,532,668","27,532,959","27,532,600","27,533,000",3
PTK2B,rs28834970,"27,559,166","27,559,285","27,559,000","27,559,200",3
PTK2B,rs28834970,"27,559,166","27,559,285","27,559,000","27,559,200",6
PTK2B,rs28834970,"27,559,166","27,559,285","27,559,200","27,559,400",4
PTK2B,rs28834970,"27,559,166","27,559,285","27,559,200","27,559,400",5
PTK2B,rs28834970,"27,730,396","27,730,508","27,730,200","27,730,400",3
PTK2B,rs28834970,"27,730,396","27,730,508","27,730,200","27,730,400",6
INPP5D,rs35349669,"233,533,839","233,534,165","233,532,400","233,534,400",2
INPP5D,rs35349669,"233,533,839","233,534,165","233,532,400","233,534,400",3
INPP5D,rs35349669,"233,717,874","233,718,362","233,718,000","233,718,400",4
INPP5D,rs35349669,"233,717,874","233,718,362","233,718,000","233,718,400",5
INPP5D,rs35349669,"233,742,201","233,742,318","233,742,200","233,742,400",2
INPP5D,rs35349669,"233,742,201","233,742,318","233,742,200","233,742,400",3
INPP5D,rs35349669,"233,756,151","233,756,263","233,756,000","233,756,200",3
INPP5D,rs35349669,"233,756,151","233,756,263","233,756,000","233,756,200",6
INPP5D,rs35349669,"233,756,151","233,756,263","233,756,200","233,756,800",4
INPP5D,rs35349669,"233,756,151","233,756,263","233,756,200","233,756,800",5
INPP5D,rs35349669,"233,756,540","233,756,647","233,756,200","233,756,800",2
INPP5D,rs35349669,"233,756,540","233,756,647","233,756,200","233,756,800",3
INPP5D,rs35349669,"234,117,007","234,117,296","234,117,200","234,118,000",4
INPP5D,rs35349669,"234,117,007","234,117,296","234,117,200","234,118,000",5
INPP5D,rs35349669,"234,119,193","234,119,779","234,118,800","234,119,200",3
INPP5D,rs35349669,"234,119,193","234,119,779","234,118,800","234,119,200",6
INPP5D,rs35349669,"234,119,193","234,119,779","234,119,200","234,119,600",1
INPP5D,rs35349669,"234,119,193","234,119,779","234,119,200","234,119,600",5
INPP5D,rs35349669,"234,119,193","234,119,779","234,119,600","234,120,400",4
INPP5D,rs35349669,"234,119,193","234,119,779","234,119,600","234,120,400",5
INPP5D,rs35349669,"234,259,477","234,259,536","234,259,000","234,259,600",2
INPP5D,rs35349669,"234,259,477","234,259,536","234,259,000","234,259,600",3
INPP5D,rs35349669,"234,369,690","234,369,846","234,369,600","234,369,800",3
INPP5D,rs35349669,"234,369,690","234,369,846","234,369,600","234,369,800",6
INPP5D,rs35349669,"234,369,690","234,369,846","234,369,800","234,370,200",4
INPP5D,rs35349669,"234,369,690","234,369,846","234,369,800","234,370,200",5
CD33,rs3865444,"51,469,661","51,469,742","51,469,000","51,469,800",2
CD33,rs3865444,"51,469,661","51,469,742","51,469,000","51,469,800",3
CD33,rs3865444,"51,523,298","51,523,609","51,523,000","51,523,800",2
CD33,rs3865444,"51,523,298","51,523,609","51,523,000","51,523,800",3
CD33,rs3865444,"51,823,761","51,823,839","51,823,400","51,823,800",3
CD33,rs3865444,"51,823,761","51,823,839","51,823,400","51,823,800",6
CD33,rs3865444,"52,206,206","52,206,352","52,205,600","52,206,400",2
CD33,rs3865444,"52,206,206","52,206,352","52,205,600","52,206,400",3
ABCA7,rs4147929,"480,127","480,477","479,800","480,600",2
ABCA7,rs4147929,"480,127","480,477","479,800","480,600",3
ABCA7,rs4147929,"495,534","496,246","495,400","495,600",3
ABCA7,rs4147929,"495,534","496,246","495,400","495,600",6
ABCA7,rs4147929,"495,534","496,246","495,600","495,800",1
ABCA7,rs4147929,"495,534","496,246","495,600","495,800",5
ABCA7,rs4147929,"510,383","511,375","510,400","510,600",1
ABCA7,rs4147929,"510,383","511,375","510,400","510,600",5
ABCA7,rs4147929,"510,383","511,375","510,600","511,800",4
ABCA7,rs4147929,"510,383","511,375","510,600","511,800",5
ABCA7,rs4147929,"586,545","586,816","586,800","587,000",4
ABCA7,rs4147929,"586,545","586,816","586,800","587,000",5
ABCA7,rs4147929,"588,000","588,929","588,000","588,200",1
ABCA7,rs4147929,"588,000","588,929","588,000","588,200",3
ABCA7,rs4147929,"588,000","588,929","588,000","588,200",5
ABCA7,rs4147929,"588,000","588,929","588,000","588,200",6
ABCA7,rs4147929,"638,823","639,064","638,800","639,000",3
ABCA7,rs4147929,"638,823","639,064","638,800","639,000",6
ABCA7,rs4147929,"734,014","734,571","734,000","734,200",3
ABCA7,rs4147929,"734,014","734,571","734,000","734,200",6
ABCA7,rs4147929,"863,854","864,254","863,800","864,400",2
ABCA7,rs4147929,"863,854","864,254","863,800","864,400",3
ABCA7,rs4147929,"872,553","872,635","872,000","872,600",3
ABCA7,rs4147929,"872,553","872,635","872,000","872,600",6
ABCA7,rs4147929,"872,553","872,635","872,600","872,800",4
ABCA7,rs4147929,"872,553","872,635","872,600","872,800",5
ABCA7,rs4147929,"1,021,691","1,021,862","1,021,600","1,022,200",2
ABCA7,rs4147929,"1,021,691","1,021,862","1,021,600","1,022,200",3
ABCA7,rs4147929,"1,098,661","1,098,840","1,098,200","1,099,400",2
ABCA7,rs4147929,"1,098,661","1,098,840","1,098,200","1,099,400",3
ABCA7,rs4147929,"1,101,902","1,102,120","1,102,000","1,103,400",4
ABCA7,rs4147929,"1,101,902","1,102,120","1,102,000","1,103,400",5
ABCA7,rs4147929,"1,102,356","1,102,542","1,102,000","1,103,400",2
ABCA7,rs4147929,"1,102,356","1,102,542","1,102,000","1,103,400",3
ABCA7,rs4147929,"1,232,972","1,233,224","1,232,800","1,233,000",3
ABCA7,rs4147929,"1,232,972","1,233,224","1,232,800","1,233,000",6
ABCA7,rs4147929,"1,265,976","1,267,831","1,265,800","1,266,000",3
ABCA7,rs4147929,"1,265,976","1,267,831","1,265,800","1,266,000",6
ABCA7,rs4147929,"1,268,921","1,269,194","1,269,000","1,269,200",4
ABCA7,rs4147929,"1,268,921","1,269,194","1,269,000","1,269,200",5
ABCA7,rs4147929,"1,360,980","1,361,127","1,361,000","1,361,600",4
ABCA7,rs4147929,"1,360,980","1,361,127","1,361,000","1,361,600",5
ABCA7,rs4147929,"1,383,182","1,383,489","1,383,000","1,383,200",3
ABCA7,rs4147929,"1,383,182","1,383,489","1,383,000","1,383,200",6
ABCA7,rs4147929,"1,396,740","1,396,891","1,396,600","1,397,400",2
ABCA7,rs4147929,"1,396,740","1,396,891","1,396,600","1,397,400",3
ABCA7,rs4147929,"1,455,200","1,455,451","1,455,200","1,456,000",2
ABCA7,rs4147929,"1,455,200","1,455,451","1,455,200","1,456,000",3
ABCA7,rs4147929,"1,455,200","1,455,451","1,455,200","1,456,000",4
ABCA7,rs4147929,"1,455,200","1,455,451","1,455,200","1,456,000",5
ABCA7,rs4147929,"1,508,604","1,508,819","1,508,600","1,508,800",3
ABCA7,rs4147929,"1,508,604","1,508,819","1,508,600","1,508,800",6
APOE region#,rs4420638,"45,227,054","45,227,817","45,227,400","45,227,600",1
APOE region#,rs4420638,"45,227,054","45,227,817","45,227,400","45,227,600",5
APOE region#,rs4420638,"45,250,019","45,250,137","45,249,800","45,250,200",2
APOE region#,rs4420638,"45,250,019","45,250,137","45,249,800","45,250,200",3
APOE region#,rs4420638,"45,256,359","45,256,643","45,256,600","45,257,000",4
APOE region#,rs4420638,"45,256,359","45,256,643","45,256,600","45,257,000",5
APOE region#,rs4420638,"45,406,795","45,407,409","45,407,000","45,407,600",4
APOE region#,rs4420638,"45,406,795","45,407,409","45,407,000","45,407,600",5
APOE region#,rs4420638,"45,408,001","45,408,364","45,407,600","45,408,200",3
APOE region#,rs4420638,"45,408,001","45,408,364","45,407,600","45,408,200",6
APOE region#,rs4420638,"45,414,472","45,414,828","45,414,800","45,415,000",4
APOE region#,rs4420638,"45,414,472","45,414,828","45,414,800","45,415,000",5
APOE region#,rs4420638,"45,415,962","45,416,020","45,415,800","45,416,600",2
APOE region#,rs4420638,"45,415,962","45,416,020","45,415,800","45,416,600",3
APOE region#,rs4420638,"45,454,544","45,454,836","45,454,400","45,455,600",2
APOE region#,rs4420638,"45,454,544","45,454,836","45,454,400","45,455,600",3
APOE region#,rs4420638,"45,454,992","45,455,257","45,454,400","45,455,600",2
APOE region#,rs4420638,"45,454,992","45,455,257","45,454,400","45,455,600",3
APOE region#,rs4420638,"45,520,152","45,520,536","45,520,200","45,520,400",1
APOE region#,rs4420638,"45,520,152","45,520,536","45,520,200","45,520,400",5
APOE region#,rs4420638,"45,988,450","45,989,673","45,989,400","45,989,600",1
APOE region#,rs4420638,"45,988,450","45,989,673","45,989,400","45,989,600",5
APOE region#,rs4420638,"45,996,161","45,996,998","45,996,800","45,997,000",4
APOE region#,rs4420638,"45,996,161","45,996,998","45,996,800","45,997,000",5
CR1,rs6656401,"207,194,195","207,194,300","207,194,200","207,194,400",4
CR1,rs6656401,"207,194,195","207,194,300","207,194,200","207,194,400",5
CR1,rs6656401,"207,198,605","207,198,694","207,198,600","207,198,800",2
CR1,rs6656401,"207,198,605","207,198,694","207,198,600","207,198,800",3
CR1,rs6656401,"207,571,129","207,571,214","207,570,800","207,572,800",2
CR1,rs6656401,"207,571,129","207,571,214","207,570,800","207,572,800",3
CR1,rs6656401,"207,738,564","207,738,700","207,738,400","207,738,600",3
CR1,rs6656401,"207,738,564","207,738,700","207,738,400","207,738,600",6
CR1,rs6656401,"207,738,564","207,738,700","207,738,600","207,738,800",4
CR1,rs6656401,"207,738,564","207,738,700","207,738,600","207,738,800",5
CR1,rs6656401,"207,738,926","207,739,294","207,739,000","207,739,400",4
CR1,rs6656401,"207,738,926","207,739,294","207,739,000","207,739,400",5
CR1,rs6656401,"207,752,450","207,753,120","207,752,400","207,752,600",3
CR1,rs6656401,"207,752,450","207,753,120","207,752,400","207,752,600",6
CR1,rs6656401,"207,752,450","207,753,120","207,752,600","207,752,800",1
CR1,rs6656401,"207,752,450","207,753,120","207,752,600","207,752,800",5
CR1,rs6656401,"207,752,450","207,753,120","207,752,800","207,753,000",1
CR1,rs6656401,"207,752,450","207,753,120","207,752,800","207,753,000",5
CR1,rs6656401,"207,752,450","207,753,120","207,753,000","207,753,200",4
CR1,rs6656401,"207,752,450","207,753,120","207,753,000","207,753,200",5
CR1,rs6656401,"207,793,638","207,794,067","207,793,400","207,793,800",3
CR1,rs6656401,"207,793,638","207,794,067","207,793,400","207,793,800",6
CR1,rs6656401,"207,793,638","207,794,067","207,793,800","207,794,000",1
CR1,rs6656401,"207,793,638","207,794,067","207,793,800","207,794,000",5
CR1,rs6656401,"207,872,166","207,872,659","207,872,000","207,872,400",3
CR1,rs6656401,"207,872,166","207,872,659","207,872,000","207,872,400",6
CR1,rs6656401,"207,872,166","207,872,659","207,872,400","207,872,600",1
CR1,rs6656401,"207,872,166","207,872,659","207,872,400","207,872,600",5
CR1,rs6656401,"207,970,697","207,971,172","207,971,000","207,971,200",4
CR1,rs6656401,"207,970,697","207,971,172","207,971,000","207,971,200",5
CR1,rs6656401,"208,058,363","208,059,063","208,058,200","208,058,600",3
CR1,rs6656401,"208,058,363","208,059,063","208,058,200","208,058,600",6
CR1,rs6656401,"208,058,363","208,059,063","208,058,600","208,059,200",4
CR1,rs6656401,"208,058,363","208,059,063","208,058,600","208,059,200",5
CR1,rs6656401,"208,062,038","208,062,353","208,061,800","208,063,000",2
CR1,rs6656401,"208,062,038","208,062,353","208,061,800","208,063,000",3
BIN1,rs6733839,"127,807,522","127,808,720","127,807,400","127,808,200",3
BIN1,rs6733839,"127,807,522","127,808,720","127,807,400","127,808,200",6
BIN1,rs6733839,"127,807,522","127,808,720","127,808,600","127,808,800",4
BIN1,rs6733839,"127,807,522","127,808,720","127,808,600","127,808,800",5
BIN1,rs6733839,"127,872,234","127,872,374","127,872,200","127,872,400",2
BIN1,rs6733839,"127,872,234","127,872,374","127,872,200","127,872,400",3
BIN1,rs6733839,"128,398,060","128,398,199","128,397,600","128,398,200",2
BIN1,rs6733839,"128,398,060","128,398,199","128,397,600","128,398,200",3
BIN1,rs6733839,"128,406,928","128,408,076","128,406,800","128,410,600",2
BIN1,rs6733839,"128,406,928","128,408,076","128,406,800","128,410,600",3
BIN1,rs6733839,"128,410,613","128,410,745","128,410,600","128,411,800",2
BIN1,rs6733839,"128,410,613","128,410,745","128,410,600","128,411,800",3
TREM2/TREML2,rs75932628,"41,150,938","41,151,058","41,150,800","41,151,000",3
TREM2/TREML2,rs75932628,"41,150,938","41,151,058","41,150,800","41,151,000",6
TREM2/TREML2,rs75932628,"41,393,942","41,393,999","41,393,800","41,394,200",2
TREM2/TREML2,rs75932628,"41,393,942","41,393,999","41,393,800","41,394,200",3
TREM2/TREML2,rs75932628,"41,418,856","41,419,230","41,418,800","41,420,000",2
TREM2/TREML2,rs75932628,"41,418,856","41,419,230","41,418,800","41,420,000",3
TREM2/TREML2,rs75932628,"41,535,996","41,536,182","41,536,000","41,537,400",4
TREM2/TREML2,rs75932628,"41,535,996","41,536,182","41,536,000","41,537,400",5
TREM2/TREML2,rs75932628,"41,537,032","41,537,178","41,536,000","41,537,400",2
TREM2/TREML2,rs75932628,"41,537,032","41,537,178","41,536,000","41,537,400",3
TREM2/TREML2,rs75932628,"41,546,683","41,546,812","41,546,600","41,547,000",2
TREM2/TREML2,rs75932628,"41,546,683","41,546,812","41,546,600","41,547,000",3
TREM2/TREML2,rs75932628,"41,649,733","41,650,730","41,649,600","41,649,800",3
TREM2/TREML2,rs75932628,"41,649,733","41,650,730","41,649,600","41,649,800",6
TREM2/TREML2,rs75932628,"41,649,733","41,650,730","41,649,800","41,650,400",1
TREM2/TREML2,rs75932628,"41,649,733","41,650,730","41,649,800","41,650,400",5
TREM2/TREML2,rs75932628,"41,651,055","41,652,027","41,651,800","41,652,000",1
TREM2/TREML2,rs75932628,"41,651,055","41,652,027","41,651,800","41,652,000",5
DSG2,rs8093731,"29,229,281","29,229,351","29,229,200","29,229,400",2
DSG2,rs8093731,"29,229,281","29,229,351","29,229,200","29,229,400",3
DSG2,rs8093731,"29,602,458","29,602,554","29,601,800","29,602,800",2
DSG2,rs8093731,"29,602,458","29,602,554","29,601,800","29,602,800",3
HLA-DRB5–HLA-DRB1,rs9271192,"32,015,314","32,015,550","32,014,000","32,016,400",2
HLA-DRB5–HLA-DRB1,rs9271192,"32,015,314","32,015,550","32,014,000","32,016,400",3
HLA-DRB5–HLA-DRB1,rs9271192,"32,015,728","32,016,622","32,014,000","32,016,400",3
HLA-DRB5–HLA-DRB1,rs9271192,"32,015,728","32,016,622","32,014,000","32,016,400",6
HLA-DRB5–HLA-DRB1,rs9271192,"32,015,728","32,016,622","32,016,400","32,016,600",1
HLA-DRB5–HLA-DRB1,rs9271192,"32,015,728","32,016,622","32,016,400","32,016,600",5
HLA-DRB5–HLA-DRB1,rs9271192,"32,081,927","32,082,154","32,081,800","32,082,200",2
HLA-DRB5–HLA-DRB1,rs9271192,"32,081,927","32,082,154","32,081,800","32,082,200",3
HLA-DRB5–HLA-DRB1,rs9271192,"32,086,457","32,087,399","32,086,600","32,087,400",4
HLA-DRB5–HLA-DRB1,rs9271192,"32,086,457","32,087,399","32,086,600","32,087,400",5
HLA-DRB5–HLA-DRB1,rs9271192,"32,118,853","32,119,000","32,117,600","32,119,200",2
HLA-DRB5–HLA-DRB1,rs9271192,"32,118,853","32,119,000","32,117,600","32,119,200",3
HLA-DRB5–HLA-DRB1,rs9271192,"32,806,351","32,806,825","32,806,800","32,807,000",4
HLA-DRB5–HLA-DRB1,rs9271192,"32,806,351","32,806,825","32,806,800","32,807,000",5
HLA-DRB5–HLA-DRB1,rs9271192,"32,920,902","32,921,684","32,921,200","32,921,400",1
HLA-DRB5–HLA-DRB1,rs9271192,"32,920,902","32,921,684","32,921,200","32,921,400",5
HLA-DRB5–HLA-DRB1,rs9271192,"33,128,843","33,129,713","33,128,800","33,129,000",3
HLA-DRB5–HLA-DRB1,rs9271192,"33,128,843","33,129,713","33,128,800","33,129,000",6
CLU,rs9331896,"27,104,809","27,105,184","27,103,400","27,105,000",3
CLU,rs9331896,"27,104,809","27,105,184","27,103,400","27,105,000",6
CLU,rs9331896,"27,172,531","27,173,194","27,173,000","27,173,400",4
CLU,rs9331896,"27,172,531","27,173,194","27,173,000","27,173,400",5
CLU,rs9331896,"27,192,123","27,192,490","27,192,000","27,192,600",2
CLU,rs9331896,"27,192,123","27,192,490","27,192,000","27,192,600",3
CLU,rs9331896,"27,453,312","27,453,390","27,453,200","27,453,400",2
CLU,rs9331896,"27,453,312","27,453,390","27,453,200","27,453,400",3
CLU,rs9331896,"27,472,748","27,472,868","27,472,800","27,473,200",4
CLU,rs9331896,"27,472,748","27,472,868","27,472,800","27,473,200",5
CLU,rs9331896,"27,474,321","27,474,531","27,474,200","27,474,600",2
CLU,rs9331896,"27,474,321","27,474,531","27,474,200","27,474,600",3
CLU,rs9331896,"27,530,248","27,530,597","27,530,000","27,530,800",2
CLU,rs9331896,"27,530,248","27,530,597","27,530,000","27,530,800",3
CLU,rs9331896,"27,532,668","27,532,959","27,532,600","27,533,000",2
CLU,rs9331896,"27,532,668","27,532,959","27,532,600","27,533,000",3
CLU,rs9331896,"27,559,166","27,559,285","27,559,000","27,559,200",3
CLU,rs9331896,"27,559,166","27,559,285","27,559,000","27,559,200",6
CLU,rs9331896,"27,559,166","27,559,285","27,559,200","27,559,400",4
CLU,rs9331896,"27,559,166","27,559,285","27,559,200","27,559,400",5
CLU,rs9331896,"27,730,396","27,730,508","27,730,200","27,730,400",3
CLU,rs9331896,"27,730,396","27,730,508","27,730,200","27,730,400",6
CLU,rs9331896,"27,930,220","27,930,744","27,930,200","27,930,400",3
CLU,rs9331896,"27,930,220","27,930,744","27,930,200","27,930,400",6
MS4A6A,rs983392,"59,569,904","59,570,426","59,569,600","59,570,200",3
MS4A6A,rs983392,"59,569,904","59,570,426","59,569,600","59,570,200",6
