input gene,SNP,chr,mapped gene,gene row,region row,gene start,gene end,gene end + 100000,gene start - 100000,region start,region end,start - flanking,region start - (gene start - 100000),region end - gene end,region size,gene size,test gene end,test gene start
SLC24A4-RIN3,rs10498633,14,TRIP11,2,2,"92,432,334","92,506,403","92,606,403","92,332,334","92,426,952","93,426,952","92,332,334","-94,618","820,549","1,000,000","74,069",0,1
SLC24A4-RIN3,rs10498633,14,ATXN3,3,2,"92,524,895","92,572,965","92,672,965","92,424,895","92,426,952","93,426,952","92,424,895","-2,057","753,987","1,000,000","48,070",0,1
SLC24A4-RIN3,rs10498633,14,NDUFB1,4,2,"92,582,467","92,588,153","92,688,153","92,482,467","92,426,952","93,426,952","92,482,467","55,515","738,799","1,000,000","5,686",0,0
SLC24A4-RIN3,rs10498633,14,CPSF2,5,2,"92,588,297","92,630,543","92,730,543","92,488,297","92,426,952","93,426,952","92,488,297","61,345","696,409","1,000,000","42,246",0,0
SLC24A4-RIN3,rs10498633,14,SLC24A4,6,2,"92,788,924","92,967,825","93,067,825","92,688,924","92,426,952","93,426,952","92,688,924","261,972","359,127","1,000,000","178,901",0,0
SLC24A4-RIN3,rs10498633,14,RIN3,7,2,"92,980,124","93,155,339","93,255,339","92,880,124","92,426,952","93,426,952","92,880,124","453,172","171,613","1,000,000","175,215",0,0
SLC24A4-RIN3,rs10498633,14,LGMN,8,2,"93,170,151","93,215,047","93,315,047","93,070,151","92,426,952","93,426,952","93,070,151","643,199","111,905","1,000,000","44,896",0,0
SLC24A4-RIN3,rs10498633,14,GOLGA5,9,2,"93,260,575","93,306,306","93,406,306","93,160,575","92,426,952","93,426,952","93,160,575","733,623","20,646","1,000,000","45,731",0,0
SLC24A4-RIN3,rs10498633,14,LINC02287,10,2,"93,372,041","93,373,827","93,473,827","93,272,041","92,426,952","93,426,952","93,272,041","845,089","-46,875","1,000,000","1,786",1,0
SLC24A4-RIN3,rs10498633,14,CHGA,11,2,"93,389,444","93,401,641","93,501,641","93,289,444","92,426,952","93,426,952","93,289,444","862,492","-74,689","1,000,000","12,197",1,0
PICALM,rs10792832,11,CREBZF,13,3,"85,368,607","85,376,182","85,476,182","85,268,607","85,367,875","86,367,875","85,268,607","-99,268","891,693","1,000,000","7,575",0,1
PICALM,rs10792832,11,CCDC89,14,3,"85,394,886","85,397,320","85,497,320","85,294,886","85,367,875","86,367,875","85,294,886","-72,989","870,555","1,000,000","2,434",0,1
PICALM,rs10792832,11,SYTL2,15,3,"85,405,264","85,469,112","85,569,112","85,305,264","85,367,875","86,367,875","85,305,264","-62,611","798,763","1,000,000","63,848",0,1
PICALM,rs10792832,11,CCDC83,16,3,"85,566,143","85,631,063","85,731,063","85,466,143","85,367,875","86,367,875","85,466,143","98,268","636,812","1,000,000","64,920",0,0
PICALM,rs10792832,11,PICALM,17,3,"85,668,213","85,780,139","85,880,139","85,568,213","85,367,875","86,367,875","85,568,213","200,338","487,736","1,000,000","111,926",0,0
PICALM,rs10792832,11,EED,18,3,"85,955,425","85,989,852","86,089,852","85,855,425","85,367,875","86,367,875","85,855,425","487,550","278,023","1,000,000","34,427",0,0
PICALM,rs10792832,11,MIR6755,19,3,"85,989,374","85,989,440","86,089,440","85,889,374","85,367,875","86,367,875","85,889,374","521,499","278,435","1,000,000",66,0,0
PICALM,rs10792832,11,HIKESHI,20,3,"86,013,252","86,056,985","86,156,985","85,913,252","85,367,875","86,367,875","85,913,252","545,377","210,890","1,000,000","43,733",0,0
PICALM,rs10792832,11,CCDC81,21,3,"86,085,777","86,134,151","86,234,151","85,985,777","85,367,875","86,367,875","85,985,777","617,902","133,724","1,000,000","48,374",0,0
CELF1,rs10838725,11,ARFGAP2,24,4,"47,185,848","47,198,676","47,298,676","47,085,848","47,057,871","48,057,871","47,085,848","27,977","759,195","1,000,000","12,828",0,0
CELF1,rs10838725,11,PACSIN3,25,4,"47,199,072","47,208,010","47,308,010","47,099,072","47,057,871","48,057,871","47,099,072","41,201","749,861","1,000,000","8,938",0,0
CELF1,rs10838725,11,MIR6745,26,4,"47,201,161","47,201,288","47,301,288","47,101,161","47,057,871","48,057,871","47,101,161","43,290","756,583","1,000,000",127,0,0
CELF1,rs10838725,11,DDB2,27,4,"47,236,492","47,260,769","47,360,769","47,136,492","47,057,871","48,057,871","47,136,492","78,621","697,102","1,000,000","24,277",0,0
CELF1,rs10838725,11,ACP2,28,4,"47,260,852","47,270,398","47,370,398","47,160,852","47,057,871","48,057,871","47,160,852","102,981","687,473","1,000,000","9,546",0,0
CELF1,rs10838725,11,NR1H3,29,4,"47,269,850","47,290,584","47,390,584","47,169,850","47,057,871","48,057,871","47,169,850","111,979","667,287","1,000,000","20,734",0,0
CELF1,rs10838725,11,MADD,30,4,"47,290,926","47,351,582","47,451,582","47,190,926","47,057,871","48,057,871","47,190,926","133,055","606,289","1,000,000","60,656",0,0
CELF1,rs10838725,11,LOC101928943,31,4,"47,292,207","47,293,626","47,393,626","47,192,207","47,057,871","48,057,871","47,192,207","134,336","664,245","1,000,000","1,419",0,0
CELF1,rs10838725,11,MYBPC3,32,4,"47,352,956","47,374,253","47,474,253","47,252,956","47,057,871","48,057,871","47,252,956","195,085","583,618","1,000,000","21,297",0,0
CELF1,rs10838725,11,SPI1,33,4,"47,376,408","47,400,127","47,500,127","47,276,408","47,057,871","48,057,871","47,276,408","218,537","557,744","1,000,000","23,719",0,0
CELF1,rs10838725,11,MIR4487,34,4,"47,422,520","47,422,593","47,522,593","47,322,520","47,057,871","48,057,871","47,322,520","264,649","535,278","1,000,000",73,0,0
CELF1,rs10838725,11,SLC39A13,35,4,"47,428,826","47,438,051","47,538,051","47,328,826","47,057,871","48,057,871","47,328,826","270,955","519,820","1,000,000","9,225",0,0
CELF1,rs10838725,11,PSMC3,36,4,"47,440,319","47,448,024","47,548,024","47,340,319","47,057,871","48,057,871","47,340,319","282,448","509,847","1,000,000","7,705",0,0
CELF1,rs10838725,11,RAPSN,37,4,"47,459,307","47,470,730","47,570,730","47,359,307","47,057,871","48,057,871","47,359,307","301,436","487,141","1,000,000","11,423",0,0
CELF1,rs10838725,11,CELF1,38,4,"47,487,484","47,546,266","47,646,266","47,387,484","47,057,871","48,057,871","47,387,484","329,613","411,605","1,000,000","58,782",0,0
CELF1,rs10838725,11,PTPMT1,39,4,"47,586,981","47,595,013","47,695,013","47,486,981","47,057,871","48,057,871","47,486,981","429,110","362,858","1,000,000","8,032",0,0
CELF1,rs10838725,11,KBTBD4,40,4,"47,593,748","47,600,567","47,700,567","47,493,748","47,057,871","48,057,871","47,493,748","435,877","357,304","1,000,000","6,819",0,0
CELF1,rs10838725,11,NDUFS3,41,4,"47,600,561","47,606,115","47,706,115","47,500,561","47,057,871","48,057,871","47,500,561","442,690","351,756","1,000,000","5,554",0,0
CELF1,rs10838725,11,FAM180B,42,4,"47,608,229","47,610,746","47,710,746","47,508,229","47,057,871","48,057,871","47,508,229","450,358","347,125","1,000,000","2,517",0,0
CELF1,rs10838725,11,C1QTNF4,43,4,"47,611,215","47,615,961","47,715,961","47,511,215","47,057,871","48,057,871","47,511,215","453,344","341,910","1,000,000","4,746",0,0
CELF1,rs10838725,11,MTCH2,44,4,"47,638,857","47,664,206","47,764,206","47,538,857","47,057,871","48,057,871","47,538,857","480,986","293,665","1,000,000","25,349",0,0
CELF1,rs10838725,11,AGBL2,45,4,"47,681,142","47,736,928","47,836,928","47,581,142","47,057,871","48,057,871","47,581,142","523,271","220,943","1,000,000","55,786",0,0
CELF1,rs10838725,11,FNBP4,46,4,"47,738,045","47,789,030","47,889,030","47,638,045","47,057,871","48,057,871","47,638,045","580,174","168,841","1,000,000","50,985",0,0
CELF1,rs10838725,11,NUP160,47,4,"47,799,634","47,870,096","47,970,096","47,699,634","47,057,871","48,057,871","47,699,634","641,763","87,775","1,000,000","70,462",0,0
CD2AP,rs10948363,6,TNFRSF21,50,5,"47,199,262","47,277,683","47,377,683","47,099,262","46,987,762","47,987,762","47,099,262","111,500","610,079","1,000,000","78,421",0,0
CD2AP,rs10948363,6,CD2AP,51,5,"47,445,524","47,594,996","47,694,996","47,345,524","46,987,762","47,987,762","47,345,524","357,762","292,766","1,000,000","149,472",0,0
CD2AP,rs10948363,6,ADGRF2,52,5,"47,624,325","47,665,533","47,765,533","47,524,325","46,987,762","47,987,762","47,524,325","536,563","222,229","1,000,000","41,208",0,0
CD2AP,rs10948363,6,ADGRF4,53,5,"47,666,280","47,689,757","47,789,757","47,566,280","46,987,762","47,987,762","47,566,280","578,518","198,005","1,000,000","23,477",0,0
CD2AP,rs10948363,6,OPN5,54,5,"47,749,774","47,794,116","47,894,116","47,649,774","46,987,762","47,987,762","47,649,774","662,012","93,646","1,000,000","44,342",0,0
SORL1,rs11218343,11,TECTA,57,6,"120,973,374","121,061,515","121,161,515","120,873,374","120,935,587","121,935,587","120,873,374","-62,213","774,072","1,000,000","88,141",0,1
SORL1,rs11218343,11,SC5D,58,6,"121,163,387","121,184,119","121,284,119","121,063,387","120,935,587","121,935,587","121,063,387","127,800","651,468","1,000,000","20,732",0,0
SORL1,rs11218343,11,SORL1,59,6,"121,322,911","121,504,471","121,604,471","121,222,911","120,935,587","121,935,587","121,222,911","287,324","331,116","1,000,000","181,560",0,0
EPHA1,rs11771145,7,LLCFC1,62,7,"142,636,602","142,637,957","142,737,957","142,536,602","142,610,762","143,610,762","142,536,602","-74,160","872,805","1,000,000","1,355",0,1
EPHA1,rs11771145,7,KEL,63,7,"142,638,200","142,659,503","142,759,503","142,538,200","142,610,762","143,610,762","142,538,200","-72,562","851,259","1,000,000","21,303",0,1
EPHA1,rs11771145,7,OR9A2,64,7,"142,723,286","142,724,219","142,824,219","142,623,286","142,610,762","143,610,762","142,623,286","12,524","786,543","1,000,000",933,0,0
EPHA1,rs11771145,7,OR6V1,65,7,"142,749,437","142,750,379","142,850,379","142,649,437","142,610,762","143,610,762","142,649,437","38,675","760,383","1,000,000",942,0,0
EPHA1,rs11771145,7,OR6W1P,66,7,"142,759,380","142,760,882","142,860,882","142,659,380","142,610,762","143,610,762","142,659,380","48,618","749,880","1,000,000","1,502",0,0
EPHA1,rs11771145,7,PIP,67,7,"142,829,173","142,836,834","142,936,834","142,729,173","142,610,762","143,610,762","142,729,173","118,411","673,928","1,000,000","7,661",0,0
EPHA1,rs11771145,7,TAS2R39,68,7,"142,880,511","142,881,528","142,981,528","142,780,511","142,610,762","143,610,762","142,780,511","169,749","629,234","1,000,000","1,017",0,0
EPHA1,rs11771145,7,TAS2R40,69,7,"142,919,129","142,920,172","143,020,172","142,819,129","142,610,762","143,610,762","142,819,129","208,367","590,590","1,000,000","1,043",0,0
EPHA1,rs11771145,7,LOC105375545,70,7,"142,952,391","142,983,427","143,083,427","142,852,391","142,610,762","143,610,762","142,852,391","241,629","527,335","1,000,000","31,036",0,0
EPHA1,rs11771145,7,GSTK1,71,7,"142,960,521","142,966,222","143,066,222","142,860,521","142,610,762","143,610,762","142,860,521","249,759","544,540","1,000,000","5,701",0,0
EPHA1,rs11771145,7,TMEM139,72,7,"142,981,991","142,985,142","143,085,142","142,881,991","142,610,762","143,610,762","142,881,991","271,229","525,620","1,000,000","3,151",0,0
EPHA1,rs11771145,7,CASP2,73,7,"142,985,307","143,004,789","143,104,789","142,885,307","142,610,762","143,610,762","142,885,307","274,545","505,973","1,000,000","19,482",0,0
EPHA1,rs11771145,7,CLCN1,74,7,"143,013,218","143,049,097","143,149,097","142,913,218","142,610,762","143,610,762","142,913,218","302,456","461,665","1,000,000","35,879",0,0
EPHA1,rs11771145,7,FAM131B,75,7,"143,050,492","143,059,173","143,159,173","142,950,492","142,610,762","143,610,762","142,950,492","339,730","451,589","1,000,000","8,681",0,0
EPHA1,rs11771145,7,LOC100507507,76,7,"143,076,247","143,078,118","143,178,118","142,976,247","142,610,762","143,610,762","142,976,247","365,485","432,644","1,000,000","1,871",0,0
EPHA1,rs11771145,7,ZYX,77,7,"143,078,359","143,088,206","143,188,206","142,978,359","142,610,762","143,610,762","142,978,359","367,597","422,556","1,000,000","9,847",0,0
EPHA1,rs11771145,7,MIR6892,78,7,"143,079,778","143,079,893","143,179,893","142,979,778","142,610,762","143,610,762","142,979,778","369,016","430,869","1,000,000",115,0,0
EPHA1,rs11771145,7,EPHA1,79,7,"143,088,204","143,105,985","143,205,985","142,988,204","142,610,762","143,610,762","142,988,204","377,442","404,777","1,000,000","17,781",0,0
EPHA1,rs11771145,7,EPHA1-AS1,80,7,"143,104,905","143,220,540","143,320,540","143,004,905","142,610,762","143,610,762","143,004,905","394,143","290,222","1,000,000","115,635",0,0
EPHA1,rs11771145,7,TAS2R60,81,7,"143,140,545","143,141,502","143,241,502","143,040,545","142,610,762","143,610,762","143,040,545","429,783","369,260","1,000,000",957,0,0
EPHA1,rs11771145,7,TAS2R41,82,7,"143,174,965","143,175,889","143,275,889","143,074,965","142,610,762","143,610,762","143,074,965","464,203","334,873","1,000,000",924,0,0
EPHA1,rs11771145,7,OR10AC1,83,7,"143,207,959","143,209,104","143,309,104","143,107,959","142,610,762","143,610,762","143,107,959","497,197","301,658","1,000,000","1,145",0,0
EPHA1,rs11771145,7,CTAGE15,84,7,"143,268,893","143,271,480","143,371,480","143,168,893","142,610,762","143,610,762","143,168,893","558,131","239,282","1,000,000","2,587",0,0
EPHA1,rs11771145,7,TCAF2,85,7,"143,318,044","143,422,176","143,522,176","143,218,044","142,610,762","143,610,762","143,218,044","607,282","88,586","1,000,000","104,132",0,0
EPHA1,rs11771145,7,TCAF2P1,86,7,"143,339,346","143,344,739","143,444,739","143,239,346","142,610,762","143,610,762","143,239,346","628,584","166,023","1,000,000","5,393",0,0
EPHA1,rs11771145,7,CTAGE6,87,7,"143,452,181","143,454,843","143,554,843","143,352,181","142,610,762","143,610,762","143,352,181","741,419","55,919","1,000,000","2,662",0,0
EPHA1,rs11771145,7,LOC154761,88,7,"143,509,060","143,533,810","143,633,810","143,409,060","142,610,762","143,610,762","143,409,060","798,298","-23,048","1,000,000","24,750",1,0
EPHA1,rs11771145,7,TCAF1,89,7,"143,548,460","143,599,172","143,699,172","143,448,460","142,610,762","143,610,762","143,448,460","837,698","-88,410","1,000,000","50,712",1,0
ZCWPW1,rs1476679,7,GJC3,91,8,"99,520,891","99,527,243","99,627,243","99,420,891","99,504,446","100,504,446","99,420,891","-83,555","877,203","1,000,000","6,352",0,1
ZCWPW1,rs1476679,7,AZGP1,92,8,"99,564,349","99,573,735","99,673,735","99,464,349","99,504,446","100,504,446","99,464,349","-40,097","830,711","1,000,000","9,386",0,1
ZCWPW1,rs1476679,7,AZGP1P1,93,8,"99,578,384","99,581,860","99,681,860","99,478,384","99,504,446","100,504,446","99,478,384","-26,062","822,586","1,000,000","3,476",0,1
ZCWPW1,rs1476679,7,ZKSCAN1,94,8,"99,613,174","99,639,312","99,739,312","99,513,174","99,504,446","100,504,446","99,513,174","8,728","765,134","1,000,000","26,138",0,0
ZCWPW1,rs1476679,7,ZSCAN21,95,8,"99,647,416","99,662,663","99,762,663","99,547,416","99,504,446","100,504,446","99,547,416","42,970","741,783","1,000,000","15,247",0,0
ZCWPW1,rs1476679,7,ZNF3,96,8,"99,661,469","99,679,387","99,779,387","99,561,469","99,504,446","100,504,446","99,561,469","57,023","725,059","1,000,000","17,918",0,0
ZCWPW1,rs1476679,7,COPS6,97,8,"99,686,582","99,689,822","99,789,822","99,586,582","99,504,446","100,504,446","99,586,582","82,136","714,624","1,000,000","3,240",0,0
ZCWPW1,rs1476679,7,MCM7,98,8,"99,690,350","99,699,563","99,799,563","99,590,350","99,504,446","100,504,446","99,590,350","85,904","704,883","1,000,000","9,213",0,0
ZCWPW1,rs1476679,7,MIR25,99,8,"99,691,182","99,691,266","99,791,266","99,591,182","99,504,446","100,504,446","99,591,182","86,736","713,180","1,000,000",84,0,0
ZCWPW1,rs1476679,7,MIR93,100,8,"99,691,390","99,691,470","99,791,470","99,591,390","99,504,446","100,504,446","99,591,390","86,944","712,976","1,000,000",80,0,0
ZCWPW1,rs1476679,7,MIR106B,101,8,"99,691,615","99,691,697","99,791,697","99,591,615","99,504,446","100,504,446","99,591,615","87,169","712,749","1,000,000",82,0,0
ZCWPW1,rs1476679,7,AP4M1,102,8,"99,699,129","99,704,803","99,804,803","99,599,129","99,504,446","100,504,446","99,599,129","94,683","699,643","1,000,000","5,674",0,0
ZCWPW1,rs1476679,7,TAF6,103,8,"99,704,692","99,716,995","99,816,995","99,604,692","99,504,446","100,504,446","99,604,692","100,246","687,451","1,000,000","12,303",0,0
ZCWPW1,rs1476679,7,CNPY4,104,8,"99,717,264","99,723,128","99,823,128","99,617,264","99,504,446","100,504,446","99,617,264","112,818","681,318","1,000,000","5,864",0,0
ZCWPW1,rs1476679,7,MBLAC1,105,8,"99,724,316","99,726,121","99,826,121","99,624,316","99,504,446","100,504,446","99,624,316","119,870","678,325","1,000,000","1,805",0,0
ZCWPW1,rs1476679,7,LAMTOR4,106,8,"99,746,521","99,751,835","99,851,835","99,646,521","99,504,446","100,504,446","99,646,521","142,075","652,611","1,000,000","5,314",0,0
ZCWPW1,rs1476679,7,C7orf43,107,8,"99,752,042","99,756,344","99,856,344","99,652,042","99,504,446","100,504,446","99,652,042","147,596","648,102","1,000,000","4,302",0,0
ZCWPW1,rs1476679,7,MIR4658,108,8,"99,754,227","99,754,292","99,854,292","99,654,227","99,504,446","100,504,446","99,654,227","149,781","650,154","1,000,000",65,0,0
ZCWPW1,rs1476679,7,GAL3ST4,109,8,"99,756,864","99,766,373","99,866,373","99,656,864","99,504,446","100,504,446","99,656,864","152,418","638,073","1,000,000","9,509",0,0
ZCWPW1,rs1476679,7,GPC2,110,8,"99,767,228","99,775,049","99,875,049","99,667,228","99,504,446","100,504,446","99,667,228","162,782","629,397","1,000,000","7,821",0,0
ZCWPW1,rs1476679,7,STAG3,111,8,"99,775,346","99,812,010","99,912,010","99,675,346","99,504,446","100,504,446","99,675,346","170,900","592,436","1,000,000","36,664",0,0
ZCWPW1,rs1476679,7,GATS,112,8,"99,798,277","99,869,855","99,969,855","99,698,277","99,504,446","100,504,446","99,698,277","193,831","534,591","1,000,000","71,578",0,0
ZCWPW1,rs1476679,7,PVRIG,113,8,"99,816,870","99,819,111","99,919,111","99,716,870","99,504,446","100,504,446","99,716,870","212,424","585,335","1,000,000","2,241",0,0
ZCWPW1,rs1476679,7,SPDYE3,114,8,"99,905,324","99,919,819","100,019,819","99,805,324","99,504,446","100,504,446","99,805,324","300,878","484,627","1,000,000","14,495",0,0
ZCWPW1,rs1476679,7,PMS2P1,115,8,"99,918,262","99,933,930","100,033,930","99,818,262","99,504,446","100,504,446","99,818,262","313,816","470,516","1,000,000","15,668",0,0
ZCWPW1,rs1476679,7,STAG3L5P-PVRIG2P-PILRB,116,8,"99,933,687","99,965,454","100,065,454","99,833,687","99,504,446","100,504,446","99,833,687","329,241","438,992","1,000,000","31,767",0,0
ZCWPW1,rs1476679,7,STAG3L5P,117,8,"99,933,701","99,938,951","100,038,951","99,833,701","99,504,446","100,504,446","99,833,701","329,255","465,495","1,000,000","5,250",0,0
ZCWPW1,rs1476679,7,PVRIG2P,118,8,"99,949,940","99,951,559","100,051,559","99,849,940","99,504,446","100,504,446","99,849,940","345,494","452,887","1,000,000","1,619",0,0
ZCWPW1,rs1476679,7,MIR6840,119,8,"99,954,273","99,954,344","100,054,344","99,854,273","99,504,446","100,504,446","99,854,273","349,827","450,102","1,000,000",71,0,0
ZCWPW1,rs1476679,7,PILRB,120,8,"99,955,625","99,965,454","100,065,454","99,855,625","99,504,446","100,504,446","99,855,625","351,179","438,992","1,000,000","9,829",0,0
ZCWPW1,rs1476679,7,PILRA,121,8,"99,971,067","99,997,722","100,097,722","99,871,067","99,504,446","100,504,446","99,871,067","366,621","406,724","1,000,000","26,655",0,0
ZCWPW1,rs1476679,7,ZCWPW1,122,8,"99,998,494","100,026,431","100,126,431","99,898,494","99,504,446","100,504,446","99,898,494","394,048","378,015","1,000,000","27,937",0,0
ZCWPW1,rs1476679,7,MEPCE,123,8,"100,026,412","100,031,749","100,131,749","99,926,412","99,504,446","100,504,446","99,926,412","421,966","372,697","1,000,000","5,337",0,0
ZCWPW1,rs1476679,7,PPP1R35,124,8,"100,032,899","100,034,096","100,134,096","99,932,899","99,504,446","100,504,446","99,932,899","428,453","370,350","1,000,000","1,197",0,0
ZCWPW1,rs1476679,7,C7orf61,125,8,"100,054,237","100,061,894","100,161,894","99,954,237","99,504,446","100,504,446","99,954,237","449,791","342,552","1,000,000","7,657",0,0
ZCWPW1,rs1476679,7,TSC22D4,126,8,"100,064,141","100,076,902","100,176,902","99,964,141","99,504,446","100,504,446","99,964,141","459,695","327,544","1,000,000","12,761",0,0
ZCWPW1,rs1476679,7,NYAP1,127,8,"100,081,549","100,092,424","100,192,424","99,981,549","99,504,446","100,504,446","99,981,549","477,103","312,022","1,000,000","10,875",0,0
ZCWPW1,rs1476679,7,AGFG2,128,8,"100,136,833","100,165,843","100,265,843","100,036,833","99,504,446","100,504,446","100,036,833","532,387","238,603","1,000,000","29,010",0,0
ZCWPW1,rs1476679,7,SAP25,129,8,"100,169,851","100,171,443","100,271,443","100,069,851","99,504,446","100,504,446","100,069,851","565,405","233,003","1,000,000","1,592",0,0
ZCWPW1,rs1476679,7,LRCH4,130,8,"100,171,633","100,183,811","100,283,811","100,071,633","99,504,446","100,504,446","100,071,633","567,187","220,635","1,000,000","12,178",0,0
ZCWPW1,rs1476679,7,ZASP,131,8,"100,171,657","100,172,356","100,272,356","100,071,657","99,504,446","100,504,446","100,071,657","567,211","232,090","1,000,000",699,0,0
ZCWPW1,rs1476679,7,FBXO24,132,8,"100,183,955","100,198,740","100,298,740","100,083,955","99,504,446","100,504,446","100,083,955","579,509","205,706","1,000,000","14,785",0,0
ZCWPW1,rs1476679,7,PCOLCE-AS1,133,8,"100,187,023","100,201,661","100,301,661","100,087,023","99,504,446","100,504,446","100,087,023","582,577","202,785","1,000,000","14,638",0,0
ZCWPW1,rs1476679,7,PCOLCE,134,8,"100,199,881","100,205,798","100,305,798","100,099,881","99,504,446","100,504,446","100,099,881","595,435","198,648","1,000,000","5,917",0,0
ZCWPW1,rs1476679,7,MOSPD3,135,8,"100,209,724","100,213,000","100,313,000","100,109,724","99,504,446","100,504,446","100,109,724","605,278","191,446","1,000,000","3,276",0,0
ZCWPW1,rs1476679,7,TFR2,136,8,"100,218,038","100,239,173","100,339,173","100,118,038","99,504,446","100,504,446","100,118,038","613,592","165,273","1,000,000","21,135",0,0
ZCWPW1,rs1476679,7,ACTL6B,137,8,"100,240,725","100,254,084","100,354,084","100,140,725","99,504,446","100,504,446","100,140,725","636,279","150,362","1,000,000","13,359",0,0
ZCWPW1,rs1476679,7,LOC105375429,138,8,"100,254,183","100,264,049","100,364,049","100,154,183","99,504,446","100,504,446","100,154,183","649,737","140,397","1,000,000","9,866",0,0
ZCWPW1,rs1476679,7,GNB2,139,8,"100,271,362","100,276,792","100,376,792","100,171,362","99,504,446","100,504,446","100,171,362","666,916","127,654","1,000,000","5,430",0,0
ZCWPW1,rs1476679,7,GIGYF1,140,8,"100,277,128","100,287,071","100,387,071","100,177,128","99,504,446","100,504,446","100,177,128","672,682","117,375","1,000,000","9,943",0,0
ZCWPW1,rs1476679,7,POP7,141,8,"100,303,675","100,305,123","100,405,123","100,203,675","99,504,446","100,504,446","100,203,675","699,229","99,323","1,000,000","1,448",0,0
ZCWPW1,rs1476679,7,EPO,142,8,"100,318,422","100,321,323","100,421,323","100,218,422","99,504,446","100,504,446","100,218,422","713,976","83,123","1,000,000","2,901",0,0
ZCWPW1,rs1476679,7,ZAN,143,8,"100,331,248","100,395,419","100,495,419","100,231,248","99,504,446","100,504,446","100,231,248","726,802","9,027","1,000,000","64,171",0,0
ZCWPW1,rs1476679,7,EPHB4,144,8,"100,400,186","100,425,143","100,525,143","100,300,186","99,504,446","100,504,446","100,300,186","795,740","-20,697","1,000,000","24,957",1,0
ZCWPW1,rs1476679,7,SLC12A9-AS1,145,8,"100,434,935","100,450,236","100,550,236","100,334,935","99,504,446","100,504,446","100,334,935","830,489","-45,790","1,000,000","15,301",1,0
ZCWPW1,rs1476679,7,SLC12A9,146,8,"100,450,340","100,463,160","100,563,160","100,350,340","99,504,446","100,504,446","100,350,340","845,894","-58,714","1,000,000","12,820",1,0
ZCWPW1,rs1476679,7,TRIP6,147,8,"100,464,949","100,471,076","100,571,076","100,364,949","99,504,446","100,504,446","100,364,949","860,503","-66,630","1,000,000","6,127",1,0
ZCWPW1,rs1476679,7,MIR6875,148,8,"100,465,657","100,465,729","100,565,729","100,365,657","99,504,446","100,504,446","100,365,657","861,211","-61,283","1,000,000",72,1,0
ZCWPW1,rs1476679,7,SRRT,149,8,"100,472,700","100,486,285","100,586,285","100,372,700","99,504,446","100,504,446","100,372,700","868,254","-81,839","1,000,000","13,585",1,0
ZCWPW1,rs1476679,7,UFSP1,150,8,"100,486,343","100,487,339","100,587,339","100,386,343","99,504,446","100,504,446","100,386,343","881,897","-82,893","1,000,000",996,1,0
ZCWPW1,rs1476679,7,ACHE,151,8,"100,487,614","100,493,754","100,593,754","100,387,614","99,504,446","100,504,446","100,387,614","883,168","-89,308","1,000,000","6,140",1,0
FERMT2,rs17125944,14,GPR137C,153,9,"53,019,865","53,104,431","53,204,431","52,919,865","52,900,629","53,900,629","52,919,865","19,236","696,198","1,000,000","84,566",0,0
FERMT2,rs17125944,14,ERO1A,154,9,"53,106,632","53,162,649","53,262,649","53,006,632","52,900,629","53,900,629","53,006,632","106,003","637,980","1,000,000","56,017",0,0
FERMT2,rs17125944,14,PSMC6,155,9,"53,173,895","53,194,716","53,294,716","53,073,895","52,900,629","53,900,629","53,073,895","173,266","605,913","1,000,000","20,821",0,0
FERMT2,rs17125944,14,STYX,156,9,"53,196,882","53,241,705","53,341,705","53,096,882","52,900,629","53,900,629","53,096,882","196,253","558,924","1,000,000","44,823",0,0
FERMT2,rs17125944,14,GNPNAT1,157,9,"53,241,910","53,258,386","53,358,386","53,141,910","52,900,629","53,900,629","53,141,910","241,281","542,243","1,000,000","16,476",0,0
FERMT2,rs17125944,14,FERMT2,158,9,"53,323,988","53,417,815","53,517,815","53,223,988","52,900,629","53,900,629","53,223,988","323,359","382,814","1,000,000","93,827",0,0
FERMT2,rs17125944,14,DDHD1,159,9,"53,503,457","53,620,046","53,720,046","53,403,457","52,900,629","53,900,629","53,403,457","502,828","180,583","1,000,000","116,589",0,0
FERMT2,rs17125944,14,LOC101927620,160,9,"53,620,071","53,624,246","53,724,246","53,520,071","52,900,629","53,900,629","53,520,071","619,442","176,383","1,000,000","4,175",0,0
MEF2C,rs190982,5,LINC00461,163,10,"87,834,083","87,974,265","88,074,265","87,734,083","87,723,420","88,723,420","87,734,083","10,663","649,155","1,000,000","140,182",0,0
MEF2C,rs190982,5,MIR9-2,164,10,"87,962,670","87,962,757","88,062,757","87,862,670","87,723,420","88,723,420","87,862,670","139,250","660,663","1,000,000",87,0,0
MEF2C,rs190982,5,MEF2C-AS2,165,10,"87,972,035","88,018,648","88,118,648","87,872,035","87,723,420","88,723,420","87,872,035","148,615","604,772","1,000,000","46,613",0,0
MEF2C,rs190982,5,MEF2C,166,10,"88,014,057","88,119,744","88,219,744","87,914,057","87,723,420","88,723,420","87,914,057","190,637","503,676","1,000,000","105,687",0,0
MEF2C,rs190982,5,MEF2C-AS1,167,10,"88,179,146","88,328,193","88,428,193","88,079,146","87,723,420","88,723,420","88,079,146","355,726","295,227","1,000,000","149,047",0,0
NME8,rs2718058,7,GPR141,169,11,"37,723,377","37,783,423","37,883,423","37,623,377","37,341,534","38,341,534","37,623,377","281,843","458,111","1,000,000","60,046",0,0
NME8,rs2718058,7,NME8,170,11,"37,888,198","37,940,002","38,040,002","37,788,198","37,341,534","38,341,534","37,788,198","446,664","301,532","1,000,000","51,804",0,0
NME8,rs2718058,7,SFRP4,171,11,"37,945,534","37,956,525","38,056,525","37,845,534","37,341,534","38,341,534","37,845,534","504,000","285,009","1,000,000","10,991",0,0
NME8,rs2718058,7,EPDR1,172,11,"37,960,162","37,991,542","38,091,542","37,860,162","37,341,534","38,341,534","37,860,162","518,628","249,992","1,000,000","31,380",0,0
NME8,rs2718058,7,STARD3NL,173,11,"38,217,807","38,270,272","38,370,272","38,117,807","37,341,534","38,341,534","38,117,807","776,273","-28,738","1,000,000","52,465",1,0
NME8,rs2718058,7,TARP,174,11,"38,299,243","38,313,248","38,413,248","38,199,243","37,341,534","38,341,534","38,199,243","857,709","-71,714","1,000,000","14,005",1,0
PTK2B,rs28834970,8,STMN4,176,12,"27,092,839","27,115,956","27,215,956","26,992,839","26,695,121","27,695,121","26,992,839","297,718","479,165","1,000,000","23,117",0,0
CLU,rs9331896,8,STMN4,176,22,"27,092,839","27,115,956","27,215,956","26,992,839","26,967,686","27,967,686","26,992,839","25,153","751,730","1,000,000","23,117",0,0
PTK2B,rs28834970,8,TRIM35,177,12,"27,142,402","27,168,836","27,268,836","27,042,402","26,695,121","27,695,121","27,042,402","347,281","426,285","1,000,000","26,434",0,0
CLU,rs9331896,8,TRIM35,177,22,"27,142,402","27,168,836","27,268,836","27,042,402","26,967,686","27,967,686","27,042,402","74,716","698,850","1,000,000","26,434",0,0
PTK2B,rs28834970,8,PTK2B,178,12,"27,168,998","27,316,908","27,416,908","27,068,998","26,695,121","27,695,121","27,068,998","373,877","278,213","1,000,000","147,910",0,0
CLU,rs9331896,8,PTK2B,178,22,"27,168,998","27,316,908","27,416,908","27,068,998","26,967,686","27,967,686","27,068,998","101,312","550,778","1,000,000","147,910",0,0
PTK2B,rs28834970,8,MIR6842,179,12,"27,290,886","27,290,951","27,390,951","27,190,886","26,695,121","27,695,121","27,190,886","495,765","304,170","1,000,000",65,0,0
CLU,rs9331896,8,MIR6842,179,22,"27,290,886","27,290,951","27,390,951","27,190,886","26,967,686","27,967,686","27,190,886","223,200","576,735","1,000,000",65,0,0
PTK2B,rs28834970,8,CHRNA2,180,12,"27,317,277","27,336,813","27,436,813","27,217,277","26,695,121","27,695,121","27,217,277","522,156","258,308","1,000,000","19,536",0,0
CLU,rs9331896,8,CHRNA2,180,22,"27,317,277","27,336,813","27,436,813","27,217,277","26,967,686","27,967,686","27,217,277","249,591","530,873","1,000,000","19,536",0,0
PTK2B,rs28834970,8,EPHX2,181,12,"27,348,518","27,402,439","27,502,439","27,248,518","26,695,121","27,695,121","27,248,518","553,397","192,682","1,000,000","53,921",0,0
CLU,rs9331896,8,EPHX2,181,22,"27,348,518","27,402,439","27,502,439","27,248,518","26,967,686","27,967,686","27,248,518","280,832","465,247","1,000,000","53,921",0,0
PTK2B,rs28834970,8,CLU,182,12,"27,454,433","27,472,328","27,572,328","27,354,433","26,695,121","27,695,121","27,354,433","659,312","122,793","1,000,000","17,895",0,0
CLU,rs9331896,8,CLU,182,22,"27,454,433","27,472,328","27,572,328","27,354,433","26,967,686","27,967,686","27,354,433","386,747","395,358","1,000,000","17,895",0,0
PTK2B,rs28834970,8,MIR6843,183,12,"27,468,117","27,468,268","27,568,268","27,368,117","26,695,121","27,695,121","27,368,117","672,996","126,853","1,000,000",151,0,0
CLU,rs9331896,8,MIR6843,183,22,"27,468,117","27,468,268","27,568,268","27,368,117","26,967,686","27,967,686","27,368,117","400,431","399,418","1,000,000",151,0,0
PTK2B,rs28834970,8,SCARA3,184,12,"27,491,576","27,530,537","27,630,537","27,391,576","26,695,121","27,695,121","27,391,576","696,455","64,584","1,000,000","38,961",0,0
CLU,rs9331896,8,SCARA3,184,22,"27,491,576","27,530,537","27,630,537","27,391,576","26,967,686","27,967,686","27,391,576","423,890","337,149","1,000,000","38,961",0,0
PTK2B,rs28834970,8,MIR3622B,185,12,"27,559,189","27,559,284","27,659,284","27,459,189","26,695,121","27,695,121","27,459,189","764,068","35,837","1,000,000",95,0,0
CLU,rs9331896,8,MIR3622B,185,22,"27,559,189","27,559,284","27,659,284","27,459,189","26,967,686","27,967,686","27,459,189","491,503","308,402","1,000,000",95,0,0
PTK2B,rs28834970,8,MIR3622A,186,12,"27,559,193","27,559,276","27,659,276","27,459,193","26,695,121","27,695,121","27,459,193","764,072","35,845","1,000,000",83,0,0
CLU,rs9331896,8,MIR3622A,186,22,"27,559,193","27,559,276","27,659,276","27,459,193","26,967,686","27,967,686","27,459,193","491,507","308,410","1,000,000",83,0,0
PTK2B,rs28834970,8,CCDC25,187,12,"27,590,832","27,630,170","27,730,170","27,490,832","26,695,121","27,695,121","27,490,832","795,711","-35,049","1,000,000","39,338",1,0
CLU,rs9331896,8,CCDC25,187,22,"27,590,832","27,630,170","27,730,170","27,490,832","26,967,686","27,967,686","27,490,832","523,146","237,516","1,000,000","39,338",0,0
PTK2B,rs28834970,8,ESCO2,188,12,"27,632,057","27,662,424","27,762,424","27,532,057","26,695,121","27,695,121","27,532,057","836,936","-67,303","1,000,000","30,367",1,0
CLU,rs9331896,8,ESCO2,188,22,"27,632,057","27,662,424","27,762,424","27,532,057","26,967,686","27,967,686","27,532,057","564,371","205,262","1,000,000","30,367",0,0
CLU,rs9331896,8,PBK,189,22,"27,667,137","27,695,612","27,795,612","27,567,137","26,967,686","27,967,686","27,567,137","599,451","172,074","1,000,000","28,475",0,0
INPP5D,rs35349669,2,KCNJ13,191,13,"233,630,511","233,641,275","233,741,275","233,530,511","233,568,476","234,568,476","233,530,511","-37,965","827,201","1,000,000","10,764",0,1
INPP5D,rs35349669,2,SNORC,192,13,"233,733,723","233,743,414","233,843,414","233,633,723","233,568,476","234,568,476","233,633,723","65,247","725,062","1,000,000","9,691",0,0
INPP5D,rs35349669,2,NGEF,193,13,"233,743,395","233,877,951","233,977,951","233,643,395","233,568,476","234,568,476","233,643,395","74,919","590,525","1,000,000","134,556",0,0
INPP5D,rs35349669,2,LOC101928881,194,13,"233,877,323","233,880,595","233,980,595","233,777,323","233,568,476","234,568,476","233,777,323","208,847","587,881","1,000,000","3,272",0,0
INPP5D,rs35349669,2,NEU2,195,13,"233,897,381","233,899,767","233,999,767","233,797,381","233,568,476","234,568,476","233,797,381","228,905","568,709","1,000,000","2,386",0,0
INPP5D,rs35349669,2,INPP5D,196,13,"233,924,676","234,116,549","234,216,549","233,824,676","233,568,476","234,568,476","233,824,676","256,200","351,927","1,000,000","191,873",0,0
INPP5D,rs35349669,2,ATG16L1,197,13,"234,160,216","234,204,320","234,304,320","234,060,216","233,568,476","234,568,476","234,060,216","491,740","264,156","1,000,000","44,104",0,0
INPP5D,rs35349669,2,SCARNA5,198,13,"234,184,371","234,184,649","234,284,649","234,084,371","233,568,476","234,568,476","234,084,371","515,895","283,827","1,000,000",278,0,0
INPP5D,rs35349669,2,SCARNA6,199,13,"234,197,321","234,197,587","234,297,587","234,097,321","233,568,476","234,568,476","234,097,321","528,845","270,889","1,000,000",266,0,0
INPP5D,rs35349669,2,SAG,200,13,"234,216,308","234,255,701","234,355,701","234,116,308","233,568,476","234,568,476","234,116,308","547,832","212,775","1,000,000","39,393",0,0
INPP5D,rs35349669,2,DGKD,201,13,"234,263,152","234,380,743","234,480,743","234,163,152","233,568,476","234,568,476","234,163,152","594,676","87,733","1,000,000","117,591",0,0
INPP5D,rs35349669,2,USP40,202,13,"234,384,164","234,474,236","234,574,236","234,284,164","233,568,476","234,568,476","234,284,164","715,688","-5,760","1,000,000","90,072",1,0
CD33,rs3865444,19,GPR32,206,14,"51,273,720","51,274,989","51,374,989","51,173,720","51,227,962","52,227,962","51,173,720","-54,242","852,973","1,000,000","1,269",0,1
CD33,rs3865444,19,LOC105372440,207,14,"51,279,402","51,289,467","51,389,467","51,179,402","51,227,962","52,227,962","51,179,402","-48,560","838,495","1,000,000","10,065",0,1
CD33,rs3865444,19,ACP4,208,14,"51,293,671","51,298,481","51,398,481","51,193,671","51,227,962","52,227,962","51,193,671","-34,291","829,481","1,000,000","4,810",0,1
CD33,rs3865444,19,C19orf48,209,14,"51,300,949","51,307,811","51,407,811","51,200,949","51,227,962","52,227,962","51,200,949","-27,013","820,151","1,000,000","6,862",0,1
CD33,rs3865444,19,SNORD88B,210,14,"51,302,285","51,302,382","51,402,382","51,202,285","51,227,962","52,227,962","51,202,285","-25,677","825,580","1,000,000",97,0,1
CD33,rs3865444,19,SNORD88A,211,14,"51,302,695","51,302,792","51,402,792","51,202,695","51,227,962","52,227,962","51,202,695","-25,267","825,170","1,000,000",97,0,1
CD33,rs3865444,19,SNORD88C,212,14,"51,305,581","51,305,678","51,405,678","51,205,581","51,227,962","52,227,962","51,205,581","-22,381","822,284","1,000,000",97,0,1
CD33,rs3865444,19,LINC01869,213,14,"51,320,936","51,322,134","51,422,134","51,220,936","51,227,962","52,227,962","51,220,936","-7,026","805,828","1,000,000","1,198",0,1
CD33,rs3865444,19,KLK1,214,14,"51,322,401","51,327,043","51,427,043","51,222,401","51,227,962","52,227,962","51,222,401","-5,561","800,919","1,000,000","4,642",0,1
CD33,rs3865444,19,KLK15,215,14,"51,328,544","51,334,779","51,434,779","51,228,544","51,227,962","52,227,962","51,228,544",582,"793,183","1,000,000","6,235",0,0
CD33,rs3865444,19,LOC105372441,216,14,"51,333,785","51,354,399","51,454,399","51,233,785","51,227,962","52,227,962","51,233,785","5,823","773,563","1,000,000","20,614",0,0
CD33,rs3865444,19,KLK3,217,14,"51,358,170","51,364,020","51,464,020","51,258,170","51,227,962","52,227,962","51,258,170","30,208","763,942","1,000,000","5,850",0,0
CD33,rs3865444,19,KLK2,218,14,"51,376,688","51,383,823","51,483,823","51,276,688","51,227,962","52,227,962","51,276,688","48,726","744,139","1,000,000","7,135",0,0
CD33,rs3865444,19,KLKP1,219,14,"51,385,351","51,399,654","51,499,654","51,285,351","51,227,962","52,227,962","51,285,351","57,389","728,308","1,000,000","14,303",0,0
CD33,rs3865444,19,KLK4,220,14,"51,409,607","51,413,994","51,513,994","51,309,607","51,227,962","52,227,962","51,309,607","81,645","713,968","1,000,000","4,387",0,0
CD33,rs3865444,19,KLK5,221,14,"51,446,558","51,456,344","51,556,344","51,346,558","51,227,962","52,227,962","51,346,558","118,596","671,618","1,000,000","9,786",0,0
CD33,rs3865444,19,KLK6,222,14,"51,461,886","51,472,929","51,572,929","51,361,886","51,227,962","52,227,962","51,361,886","133,924","655,033","1,000,000","11,043",0,0
CD33,rs3865444,19,KLK7,223,14,"51,479,734","51,487,320","51,587,320","51,379,734","51,227,962","52,227,962","51,379,734","151,772","640,642","1,000,000","7,586",0,0
CD33,rs3865444,19,KLK8,224,14,"51,499,263","51,504,958","51,604,958","51,399,263","51,227,962","52,227,962","51,399,263","171,301","623,004","1,000,000","5,695",0,0
CD33,rs3865444,19,KLK9,225,14,"51,505,768","51,512,890","51,612,890","51,405,768","51,227,962","52,227,962","51,405,768","177,806","615,072","1,000,000","7,122",0,0
CD33,rs3865444,19,KLK10,226,14,"51,515,999","51,523,431","51,623,431","51,415,999","51,227,962","52,227,962","51,415,999","188,037","604,531","1,000,000","7,432",0,0
CD33,rs3865444,19,KLK11,227,14,"51,525,486","51,531,290","51,631,290","51,425,486","51,227,962","52,227,962","51,425,486","197,524","596,672","1,000,000","5,804",0,0
CD33,rs3865444,19,KLK12,228,14,"51,532,347","51,538,148","51,638,148","51,432,347","51,227,962","52,227,962","51,432,347","204,385","589,814","1,000,000","5,801",0,0
CD33,rs3865444,19,KLK13,229,14,"51,558,882","51,568,141","51,668,141","51,458,882","51,227,962","52,227,962","51,458,882","230,920","559,821","1,000,000","9,259",0,0
CD33,rs3865444,19,KLK14,230,14,"51,580,751","51,587,467","51,687,467","51,480,751","51,227,962","52,227,962","51,480,751","252,789","540,495","1,000,000","6,716",0,0
CD33,rs3865444,19,CTU1,231,14,"51,600,862","51,611,647","51,711,647","51,500,862","51,227,962","52,227,962","51,500,862","272,900","516,315","1,000,000","10,785",0,0
CD33,rs3865444,19,SIGLEC9,232,14,"51,628,136","51,639,520","51,739,520","51,528,136","51,227,962","52,227,962","51,528,136","300,174","488,442","1,000,000","11,384",0,0
CD33,rs3865444,19,SIGLEC7,233,14,"51,645,557","51,656,783","51,756,783","51,545,557","51,227,962","52,227,962","51,545,557","317,595","471,179","1,000,000","11,226",0,0
CD33,rs3865444,19,LOC101928517,234,14,"51,656,179","51,685,222","51,785,222","51,556,179","51,227,962","52,227,962","51,556,179","328,217","442,740","1,000,000","29,043",0,0
CD33,rs3865444,19,SIGLEC17P,235,14,"51,670,584","51,676,780","51,776,780","51,570,584","51,227,962","52,227,962","51,570,584","342,622","451,182","1,000,000","6,196",0,0
CD33,rs3865444,19,MIR8074,236,14,"51,710,184","51,710,265","51,810,265","51,610,184","51,227,962","52,227,962","51,610,184","382,222","417,697","1,000,000",81,0,0
CD33,rs3865444,19,CD33,237,14,"51,728,334","51,743,274","51,843,274","51,628,334","51,227,962","52,227,962","51,628,334","400,372","384,688","1,000,000","14,940",0,0
CD33,rs3865444,19,SIGLECL1,238,14,"51,754,331","51,772,582","51,872,582","51,654,331","51,227,962","52,227,962","51,654,331","426,369","355,380","1,000,000","18,251",0,0
CD33,rs3865444,19,LINC01872,239,14,"51,774,519","51,784,488","51,884,488","51,674,519","51,227,962","52,227,962","51,674,519","446,557","343,474","1,000,000","9,969",0,0
CD33,rs3865444,19,IGLON5,240,14,"51,815,101","51,834,122","51,934,122","51,715,101","51,227,962","52,227,962","51,715,101","487,139","293,840","1,000,000","19,021",0,0
CD33,rs3865444,19,VSIG10L,241,14,"51,834,789","51,845,378","51,945,378","51,734,789","51,227,962","52,227,962","51,734,789","506,827","282,584","1,000,000","10,589",0,0
CD33,rs3865444,19,ETFB,242,14,"51,848,408","51,869,672","51,969,672","51,748,408","51,227,962","52,227,962","51,748,408","520,446","258,290","1,000,000","21,264",0,0
CD33,rs3865444,19,CLDND2,243,14,"51,870,351","51,872,257","51,972,257","51,770,351","51,227,962","52,227,962","51,770,351","542,389","255,705","1,000,000","1,906",0,0
CD33,rs3865444,19,NKG7,244,14,"51,874,873","51,875,960","51,975,960","51,774,873","51,227,962","52,227,962","51,774,873","546,911","252,002","1,000,000","1,087",0,0
CD33,rs3865444,19,LIM2,245,14,"51,883,162","51,891,210","51,991,210","51,783,162","51,227,962","52,227,962","51,783,162","555,200","236,752","1,000,000","8,048",0,0
CD33,rs3865444,19,C19orf84,246,14,"51,891,542","51,893,828","51,993,828","51,791,542","51,227,962","52,227,962","51,791,542","563,580","234,134","1,000,000","2,286",0,0
CD33,rs3865444,19,SIGLEC10,247,14,"51,913,274","51,921,057","52,021,057","51,813,274","51,227,962","52,227,962","51,813,274","585,312","206,905","1,000,000","7,783",0,0
CD33,rs3865444,19,LOC100129083,248,14,"51,918,977","51,921,450","52,021,450","51,818,977","51,227,962","52,227,962","51,818,977","591,015","206,512","1,000,000","2,473",0,0
CD33,rs3865444,19,SIGLEC8,249,14,"51,954,250","51,961,708","52,061,708","51,854,250","51,227,962","52,227,962","51,854,250","626,288","166,254","1,000,000","7,458",0,0
CD33,rs3865444,19,CEACAM18,250,14,"51,981,896","51,993,859","52,093,859","51,881,896","51,227,962","52,227,962","51,881,896","653,934","134,103","1,000,000","11,963",0,0
CD33,rs3865444,19,SIGLEC12,251,14,"51,994,480","52,003,647","52,103,647","51,894,480","51,227,962","52,227,962","51,894,480","666,518","124,315","1,000,000","9,167",0,0
CD33,rs3865444,19,SIGLEC6,252,14,"52,021,072","52,035,110","52,135,110","51,921,072","51,227,962","52,227,962","51,921,072","693,110","92,852","1,000,000","14,038",0,0
CD33,rs3865444,19,ZNF175,253,14,"52,074,489","52,077,463","52,177,463","51,974,489","51,227,962","52,227,962","51,974,489","746,527","50,499","1,000,000","2,974",0,0
CD33,rs3865444,19,LINC01530,254,14,"52,095,035","52,097,633","52,197,633","51,995,035","51,227,962","52,227,962","51,995,035","767,073","30,329","1,000,000","2,598",0,0
CD33,rs3865444,19,SIGLEC5,255,14,"52,114,755","52,133,727","52,233,727","52,014,755","51,227,962","52,227,962","52,014,755","786,793","-5,765","1,000,000","18,972",1,0
CD33,rs3865444,19,SIGLEC14,256,14,"52,145,805","52,150,132","52,250,132","52,045,805","51,227,962","52,227,962","52,045,805","817,843","-22,170","1,000,000","4,327",1,0
CD33,rs3865444,19,SPACA6P-AS,257,14,"52,188,615","52,196,709","52,296,709","52,088,615","51,227,962","52,227,962","52,088,615","860,653","-68,747","1,000,000","8,094",1,0
CD33,rs3865444,19,SPACA6,258,14,"52,192,686","52,208,443","52,308,443","52,092,686","51,227,962","52,227,962","52,092,686","864,724","-80,481","1,000,000","15,757",1,0
CD33,rs3865444,19,MIR99B,259,14,"52,195,864","52,195,934","52,295,934","52,095,864","51,227,962","52,227,962","52,095,864","867,902","-67,972","1,000,000",70,1,0
CD33,rs3865444,19,MIRLET7E,260,14,"52,196,038","52,196,117","52,296,117","52,096,038","51,227,962","52,227,962","52,096,038","868,076","-68,155","1,000,000",79,1,0
CD33,rs3865444,19,MIR125A,261,14,"52,196,506","52,196,592","52,296,592","52,096,506","51,227,962","52,227,962","52,096,506","868,544","-68,630","1,000,000",86,1,0
CD33,rs3865444,19,HAS1,262,14,"52,216,364","52,227,245","52,327,245","52,116,364","51,227,962","52,227,962","52,116,364","888,402","-99,283","1,000,000","10,881",1,0
ABCA7,rs4147929,19,BSG,263,15,"571,276","583,493","683,493","471,276","563,443","1,563,443","471,276","-92,167","879,950","1,000,000","12,217",0,1
ABCA7,rs4147929,19,HCN2,264,15,"589,892","617,159","717,159","489,892","563,443","1,563,443","489,892","-73,551","846,284","1,000,000","27,267",0,1
ABCA7,rs4147929,19,POLRMT,265,15,"617,222","633,568","733,568","517,222","563,443","1,563,443","517,222","-46,221","829,875","1,000,000","16,346",0,1
ABCA7,rs4147929,19,FGF22,266,15,"639,894","643,703","743,703","539,894","563,443","1,563,443","539,894","-23,549","819,740","1,000,000","3,809",0,1
ABCA7,rs4147929,19,RNF126,267,15,"647,525","663,233","763,233","547,525","563,443","1,563,443","547,525","-15,918","800,210","1,000,000","15,708",0,1
ABCA7,rs4147929,19,FSTL3,268,15,"676,388","683,392","783,392","576,388","563,443","1,563,443","576,388","12,945","780,051","1,000,000","7,004",0,0
ABCA7,rs4147929,19,PRSS57,269,15,"685,520","695,461","795,461","585,520","563,443","1,563,443","585,520","22,077","767,982","1,000,000","9,941",0,0
ABCA7,rs4147929,19,PALM,270,15,"708,952","748,330","848,330","608,952","563,443","1,563,443","608,952","45,509","715,113","1,000,000","39,378",0,0
ABCA7,rs4147929,19,MISP,271,15,"751,112","764,319","864,319","651,112","563,443","1,563,443","651,112","87,669","699,124","1,000,000","13,207",0,0
ABCA7,rs4147929,19,PTBP1,272,15,"797,391","812,327","912,327","697,391","563,443","1,563,443","697,391","133,948","651,116","1,000,000","14,936",0,0
ABCA7,rs4147929,19,MIR4745,273,15,"804,939","805,001","905,001","704,939","563,443","1,563,443","704,939","141,496","658,442","1,000,000",62,0,0
ABCA7,rs4147929,19,PLPPR3,274,15,"812,487","821,952","921,952","712,487","563,443","1,563,443","712,487","149,044","641,491","1,000,000","9,465",0,0
ABCA7,rs4147929,19,MIR3187,275,15,"813,583","813,653","913,653","713,583","563,443","1,563,443","713,583","150,140","649,790","1,000,000",70,0,0
ABCA7,rs4147929,19,AZU1,276,15,"827,825","832,018","932,018","727,825","563,443","1,563,443","727,825","164,382","631,425","1,000,000","4,193",0,0
ABCA7,rs4147929,19,PRTN3,277,15,"840,984","848,175","948,175","740,984","563,443","1,563,443","740,984","177,541","615,268","1,000,000","7,191",0,0
ABCA7,rs4147929,19,ELANE,278,15,"852,208","856,246","956,246","752,208","563,443","1,563,443","752,208","188,765","607,197","1,000,000","4,038",0,0
ABCA7,rs4147929,19,CFD,279,15,"859,658","863,569","963,569","759,658","563,443","1,563,443","759,658","196,215","599,874","1,000,000","3,911",0,0
ABCA7,rs4147929,19,MED16,280,15,"867,961","893,218","993,218","767,961","563,443","1,563,443","767,961","204,518","570,225","1,000,000","25,257",0,0
ABCA7,rs4147929,19,RNU6-2,281,15,"893,483","893,590","993,590","793,483","563,443","1,563,443","793,483","230,040","569,853","1,000,000",107,0,0
ABCA7,rs4147929,19,R3HDM4,282,15,"896,502","913,225","1,013,225","796,502","563,443","1,563,443","796,502","233,059","550,218","1,000,000","16,723",0,0
ABCA7,rs4147929,19,KISS1R,283,15,"917,341","921,015","1,021,015","817,341","563,443","1,563,443","817,341","253,898","542,428","1,000,000","3,674",0,0
ABCA7,rs4147929,19,ARID3A,284,15,"926,036","972,803","1,072,803","826,036","563,443","1,563,443","826,036","262,593","490,640","1,000,000","46,767",0,0
ABCA7,rs4147929,19,WDR18,285,15,"984,327","994,569","1,094,569","884,327","563,443","1,563,443","884,327","320,884","468,874","1,000,000","10,242",0,0
ABCA7,rs4147929,19,GRIN3B,286,15,"1,000,417","1,009,731","1,109,731","900,417","563,443","1,563,443","900,417","336,974","453,712","1,000,000","9,314",0,0
ABCA7,rs4147929,19,TMEM259,287,15,"1,009,649","1,021,141","1,121,141","909,649","563,443","1,563,443","909,649","346,206","442,302","1,000,000","11,492",0,0
ABCA7,rs4147929,19,CNN2,288,15,"1,026,273","1,039,067","1,139,067","926,273","563,443","1,563,443","926,273","362,830","424,376","1,000,000","12,794",0,0
ABCA7,rs4147929,19,ABCA7,289,15,"1,040,101","1,065,570","1,165,570","940,101","563,443","1,563,443","940,101","376,658","397,873","1,000,000","25,469",0,0
ABCA7,rs4147929,19,ARHGAP45,290,15,"1,065,921","1,087,830","1,187,830","965,921","563,443","1,563,443","965,921","402,478","375,613","1,000,000","21,909",0,0
ABCA7,rs4147929,19,POLR2E,291,15,"1,086,577","1,095,391","1,195,391","986,577","563,443","1,563,443","986,577","423,134","368,052","1,000,000","8,814",0,0
ABCA7,rs4147929,19,GPX4,292,15,"1,103,924","1,106,788","1,206,788","1,003,924","563,443","1,563,443","1,003,924","440,481","356,655","1,000,000","2,864",0,0
ABCA7,rs4147929,19,SBNO2,293,15,"1,107,632","1,132,273","1,232,273","1,007,632","563,443","1,563,443","1,007,632","444,189","331,170","1,000,000","24,641",0,0
ABCA7,rs4147929,19,STK11,294,15,"1,205,797","1,228,434","1,328,434","1,105,797","563,443","1,563,443","1,105,797","542,354","235,009","1,000,000","22,637",0,0
ABCA7,rs4147929,19,CBARP,295,15,"1,229,946","1,237,990","1,337,990","1,129,946","563,443","1,563,443","1,129,946","566,503","225,453","1,000,000","8,044",0,0
ABCA7,rs4147929,19,ATP5F1D,296,15,"1,241,748","1,244,824","1,344,824","1,141,748","563,443","1,563,443","1,141,748","578,305","218,619","1,000,000","3,076",0,0
ABCA7,rs4147929,19,MIDN,297,15,"1,248,551","1,259,142","1,359,142","1,148,551","563,443","1,563,443","1,148,551","585,108","204,301","1,000,000","10,591",0,0
ABCA7,rs4147929,19,CIRBP-AS1,298,15,"1,267,469","1,270,259","1,370,259","1,167,469","563,443","1,563,443","1,167,469","604,026","193,184","1,000,000","2,790",0,0
ABCA7,rs4147929,19,CIRBP,299,15,"1,269,264","1,274,808","1,374,808","1,169,264","563,443","1,563,443","1,169,264","605,821","188,635","1,000,000","5,544",0,0
ABCA7,rs4147929,19,C19orf24,300,15,"1,275,519","1,279,243","1,379,243","1,175,519","563,443","1,563,443","1,175,519","612,076","184,200","1,000,000","3,724",0,0
ABCA7,rs4147929,19,EFNA2,301,15,"1,286,152","1,301,429","1,401,429","1,186,152","563,443","1,563,443","1,186,152","622,709","162,014","1,000,000","15,277",0,0
ABCA7,rs4147929,19,MUM1,302,15,"1,354,975","1,378,430","1,478,430","1,254,975","563,443","1,563,443","1,254,975","691,532","85,013","1,000,000","23,455",0,0
ABCA7,rs4147929,19,NDUFS7,303,15,"1,383,882","1,395,588","1,495,588","1,283,882","563,443","1,563,443","1,283,882","720,439","67,855","1,000,000","11,706",0,0
ABCA7,rs4147929,19,GAMT,304,15,"1,397,024","1,401,569","1,501,569","1,297,024","563,443","1,563,443","1,297,024","733,581","61,874","1,000,000","4,545",0,0
ABCA7,rs4147929,19,DAZAP1,305,15,"1,407,567","1,435,686","1,535,686","1,307,567","563,443","1,563,443","1,307,567","744,124","27,757","1,000,000","28,119",0,0
ABCA7,rs4147929,19,RPS15,306,15,"1,438,362","1,440,496","1,540,496","1,338,362","563,443","1,563,443","1,338,362","774,919","22,947","1,000,000","2,134",0,0
ABCA7,rs4147929,19,APC2,307,15,"1,450,147","1,473,243","1,573,243","1,350,147","563,443","1,563,443","1,350,147","786,704","-9,800","1,000,000","23,096",1,0
ABCA7,rs4147929,19,C19orf25,308,15,"1,473,199","1,479,228","1,579,228","1,373,199","563,443","1,563,443","1,373,199","809,756","-15,785","1,000,000","6,029",1,0
ABCA7,rs4147929,19,PCSK4,309,15,"1,481,426","1,490,449","1,590,449","1,381,426","563,443","1,563,443","1,381,426","817,983","-27,006","1,000,000","9,023",1,0
ABCA7,rs4147929,19,REEP6,310,15,"1,491,003","1,497,926","1,597,926","1,391,003","563,443","1,563,443","1,391,003","827,560","-34,483","1,000,000","6,923",1,0
ABCA7,rs4147929,19,ADAMTSL5,311,15,"1,505,016","1,513,188","1,613,188","1,405,016","563,443","1,563,443","1,405,016","841,573","-49,745","1,000,000","8,172",1,0
ABCA7,rs4147929,19,PLK5,312,15,"1,524,072","1,535,455","1,635,455","1,424,072","563,443","1,563,443","1,424,072","860,629","-72,012","1,000,000","11,383",1,0
APOE region#,rs4420638,19,ZNF229,314,16,"44,930,422","44,952,766","45,052,766","44,830,422","44,922,945","45,922,945","44,830,422","-92,523","870,179","1,000,000","22,344",0,1
APOE region#,rs4420638,19,ZNF180,315,16,"44,978,644","45,004,575","45,104,575","44,878,644","44,922,945","45,922,945","44,878,644","-44,301","818,370","1,000,000","25,931",0,1
APOE region#,rs4420638,19,CEACAM20,316,16,"45,010,210","45,033,548","45,133,548","44,910,210","44,922,945","45,922,945","44,910,210","-12,735","789,397","1,000,000","23,338",0,1
APOE region#,rs4420638,19,CEACAM22P,317,16,"45,041,044","45,060,150","45,160,150","44,941,044","44,922,945","45,922,945","44,941,044","18,099","762,795","1,000,000","19,106",0,0
APOE region#,rs4420638,19,IGSF23,318,16,"45,116,939","45,140,081","45,240,081","45,016,939","44,922,945","45,922,945","45,016,939","93,994","682,864","1,000,000","23,142",0,0
APOE region#,rs4420638,19,PVR,319,16,"45,147,097","45,169,428","45,269,428","45,047,097","44,922,945","45,922,945","45,047,097","124,152","653,517","1,000,000","22,331",0,0
APOE region#,rs4420638,19,MIR4531,320,16,"45,156,955","45,157,002","45,257,002","45,056,955","44,922,945","45,922,945","45,056,955","134,010","665,943","1,000,000",47,0,0
APOE region#,rs4420638,19,CEACAM19,321,16,"45,174,723","45,187,627","45,287,627","45,074,723","44,922,945","45,922,945","45,074,723","151,778","635,318","1,000,000","12,904",0,0
APOE region#,rs4420638,19,CEACAM16,322,16,"45,202,420","45,213,986","45,313,986","45,102,420","44,922,945","45,922,945","45,102,420","179,475","608,959","1,000,000","11,566",0,0
APOE region#,rs4420638,19,BCL3,323,16,"45,251,977","45,263,301","45,363,301","45,151,977","44,922,945","45,922,945","45,151,977","229,032","559,644","1,000,000","11,324",0,0
APOE region#,rs4420638,19,MIR8085,324,16,"45,261,913","45,261,978","45,361,978","45,161,913","44,922,945","45,922,945","45,161,913","238,968","560,967","1,000,000",65,0,0
APOE region#,rs4420638,19,CBLC,325,16,"45,281,125","45,303,903","45,403,903","45,181,125","44,922,945","45,922,945","45,181,125","258,180","519,042","1,000,000","22,778",0,0
APOE region#,rs4420638,19,BCAM,326,16,"45,312,315","45,324,678","45,424,678","45,212,315","44,922,945","45,922,945","45,212,315","289,370","498,267","1,000,000","12,363",0,0
APOE region#,rs4420638,19,NECTIN2,327,16,"45,349,392","45,382,198","45,482,198","45,249,392","44,922,945","45,922,945","45,249,392","326,447","440,747","1,000,000","32,806",0,0
APOE region#,rs4420638,19,TOMM40,328,16,"45,394,476","45,406,946","45,506,946","45,294,476","44,922,945","45,922,945","45,294,476","371,531","415,999","1,000,000","12,470",0,0
APOE region#,rs4420638,19,APOE,329,16,"45,409,005","45,412,652","45,512,652","45,309,005","44,922,945","45,922,945","45,309,005","386,060","410,293","1,000,000","3,647",0,0
APOE region#,rs4420638,19,APOC1,330,16,"45,417,503","45,422,606","45,522,606","45,317,503","44,922,945","45,922,945","45,317,503","394,558","400,339","1,000,000","5,103",0,0
APOE region#,rs4420638,19,APOC1P1,331,16,"45,430,059","45,434,643","45,534,643","45,330,059","44,922,945","45,922,945","45,330,059","407,114","388,302","1,000,000","4,584",0,0
APOE region#,rs4420638,19,APOC4,332,16,"45,445,494","45,448,753","45,548,753","45,345,494","44,922,945","45,922,945","45,345,494","422,549","374,192","1,000,000","3,259",0,0
APOE region#,rs4420638,19,APOC4-APOC2,333,16,"45,445,494","45,452,822","45,552,822","45,345,494","44,922,945","45,922,945","45,345,494","422,549","370,123","1,000,000","7,328",0,0
APOE region#,rs4420638,19,APOC2,334,16,"45,449,238","45,452,822","45,552,822","45,349,238","44,922,945","45,922,945","45,349,238","426,293","370,123","1,000,000","3,584",0,0
APOE region#,rs4420638,19,CLPTM1,335,16,"45,457,841","45,496,604","45,596,604","45,357,841","44,922,945","45,922,945","45,357,841","434,896","326,341","1,000,000","38,763",0,0
APOE region#,rs4420638,19,RELB,336,16,"45,504,706","45,541,456","45,641,456","45,404,706","44,922,945","45,922,945","45,404,706","481,761","281,489","1,000,000","36,750",0,0
APOE region#,rs4420638,19,CLASRP,337,16,"45,542,297","45,574,214","45,674,214","45,442,297","44,922,945","45,922,945","45,442,297","519,352","248,731","1,000,000","31,917",0,0
APOE region#,rs4420638,19,ZNF296,338,16,"45,574,757","45,579,846","45,679,846","45,474,757","44,922,945","45,922,945","45,474,757","551,812","243,099","1,000,000","5,089",0,0
APOE region#,rs4420638,19,GEMIN7,339,16,"45,582,452","45,594,174","45,694,174","45,482,452","44,922,945","45,922,945","45,482,452","559,507","228,771","1,000,000","11,722",0,0
APOE region#,rs4420638,19,GEMIN7-AS1,340,16,"45,588,586","45,593,649","45,693,649","45,488,586","44,922,945","45,922,945","45,488,586","565,641","229,296","1,000,000","5,063",0,0
APOE region#,rs4420638,19,PPP1R37,341,16,"45,596,430","45,650,543","45,750,543","45,496,430","44,922,945","45,922,945","45,496,430","573,485","172,402","1,000,000","54,113",0,0
APOE region#,rs4420638,19,NKPD1,342,16,"45,653,007","45,663,408","45,763,408","45,553,007","44,922,945","45,922,945","45,553,007","630,062","159,537","1,000,000","10,401",0,0
APOE region#,rs4420638,19,TRAPPC6A,343,16,"45,666,185","45,681,501","45,781,501","45,566,185","44,922,945","45,922,945","45,566,185","643,240","141,444","1,000,000","15,316",0,0
APOE region#,rs4420638,19,BLOC1S3,344,16,"45,682,002","45,685,059","45,785,059","45,582,002","44,922,945","45,922,945","45,582,002","659,057","137,886","1,000,000","3,057",0,0
APOE region#,rs4420638,19,EXOC3L2,345,16,"45,715,634","45,737,469","45,837,469","45,615,634","44,922,945","45,922,945","45,615,634","692,689","85,476","1,000,000","21,835",0,0
APOE region#,rs4420638,19,MARK4,346,16,"45,754,515","45,808,541","45,908,541","45,654,515","44,922,945","45,922,945","45,654,515","731,570","14,404","1,000,000","54,026",0,0
APOE region#,rs4420638,19,CKM,347,16,"45,809,670","45,826,235","45,926,235","45,709,670","44,922,945","45,922,945","45,709,670","786,725","-3,290","1,000,000","16,565",1,0
APOE region#,rs4420638,19,KLC3,348,16,"45,843,997","45,854,778","45,954,778","45,743,997","44,922,945","45,922,945","45,743,997","821,052","-31,833","1,000,000","10,781",1,0
APOE region#,rs4420638,19,ERCC2,349,16,"45,854,648","45,873,845","45,973,845","45,754,648","44,922,945","45,922,945","45,754,648","831,703","-50,900","1,000,000","19,197",1,0
APOE region#,rs4420638,19,PPP1R13L,350,16,"45,882,891","45,909,607","46,009,607","45,782,891","44,922,945","45,922,945","45,782,891","859,946","-86,662","1,000,000","26,716",1,0
APOE region#,rs4420638,19,CD3EAP,351,16,"45,909,466","45,914,024","46,014,024","45,809,466","44,922,945","45,922,945","45,809,466","886,521","-91,079","1,000,000","4,558",1,0
CR1,rs6656401,1,YOD1,354,17,"207,217,193","207,224,422","207,324,422","207,117,193","207,192,049","208,192,049","207,117,193","-74,856","867,627","1,000,000","7,229",0,1
CR1,rs6656401,1,PFKFB2,355,17,"207,226,619","207,251,162","207,351,162","207,126,619","207,192,049","208,192,049","207,126,619","-65,430","840,887","1,000,000","24,543",0,1
CR1,rs6656401,1,C4BPB,356,17,"207,262,186","207,273,337","207,373,337","207,162,186","207,192,049","208,192,049","207,162,186","-29,863","818,712","1,000,000","11,151",0,1
CR1,rs6656401,1,C4BPA,357,17,"207,277,606","207,318,317","207,418,317","207,177,606","207,192,049","208,192,049","207,177,606","-14,443","773,732","1,000,000","40,711",0,1
CR1,rs6656401,1,CD55,358,17,"207,494,816","207,534,311","207,634,311","207,394,816","207,192,049","208,192,049","207,394,816","202,767","557,738","1,000,000","39,495",0,0
CR1,rs6656401,1,CR2,359,17,"207,627,644","207,663,240","207,763,240","207,527,644","207,192,049","208,192,049","207,527,644","335,595","428,809","1,000,000","35,596",0,0
CR1,rs6656401,1,CR1,360,17,"207,669,472","207,815,110","207,915,110","207,569,472","207,192,049","208,192,049","207,569,472","377,423","276,939","1,000,000","145,638",0,0
CR1,rs6656401,1,CR1L,361,17,"207,818,457","207,897,036","207,997,036","207,718,457","207,192,049","208,192,049","207,718,457","526,408","195,013","1,000,000","78,579",0,0
CR1,rs6656401,1,CD46,362,17,"207,925,382","207,968,861","208,068,861","207,825,382","207,192,049","208,192,049","207,825,382","633,333","123,188","1,000,000","43,479",0,0
CR1,rs6656401,1,MIR29B2CHG,363,17,"207,974,862","207,996,048","208,096,048","207,874,862","207,192,049","208,192,049","207,874,862","682,813","96,001","1,000,000","21,186",0,0
CR1,rs6656401,1,MIR29C,364,17,"207,975,196","207,975,284","208,075,284","207,875,196","207,192,049","208,192,049","207,875,196","683,147","116,765","1,000,000",88,0,0
CR1,rs6656401,1,MIR29B2,365,17,"207,975,787","207,975,868","208,075,868","207,875,787","207,192,049","208,192,049","207,875,787","683,738","116,181","1,000,000",81,0,0
CR1,rs6656401,1,LOC148696,366,17,"207,991,723","207,995,941","208,095,941","207,891,723","207,192,049","208,192,049","207,891,723","699,674","96,108","1,000,000","4,218",0,0
CR1,rs6656401,1,CD34,367,17,"208,059,882","208,084,683","208,184,683","207,959,882","207,192,049","208,192,049","207,959,882","767,833","7,366","1,000,000","24,801",0,0
BIN1,rs6733839,2,GYPC,368,18,"127,413,510","127,454,251","127,554,251","127,313,510","127,392,810","128,392,810","127,313,510","-79,300","838,559","1,000,000","40,741",0,1
BIN1,rs6733839,2,TEX51,369,18,"127,656,461","127,659,673","127,759,673","127,556,461","127,392,810","128,392,810","127,556,461","163,651","633,137","1,000,000","3,212",0,0
BIN1,rs6733839,2,BIN1,370,18,"127,805,598","127,864,903","127,964,903","127,705,598","127,392,810","128,392,810","127,705,598","312,788","427,907","1,000,000","59,305",0,0
BIN1,rs6733839,2,CYP27C1,371,18,"127,941,411","127,963,343","128,063,343","127,841,411","127,392,810","128,392,810","127,841,411","448,601","329,467","1,000,000","21,932",0,0
BIN1,rs6733839,2,ERCC3,372,18,"128,014,865","128,051,670","128,151,670","127,914,865","127,392,810","128,392,810","127,914,865","522,055","241,140","1,000,000","36,805",0,0
BIN1,rs6733839,2,MAP3K2,373,18,"128,056,244","128,100,805","128,200,805","127,956,244","127,392,810","128,392,810","127,956,244","563,434","192,005","1,000,000","44,561",0,0
BIN1,rs6733839,2,PROC,374,18,"128,175,995","128,186,822","128,286,822","128,075,995","127,392,810","128,392,810","128,075,995","683,185","105,988","1,000,000","10,827",0,0
BIN1,rs6733839,2,MIR4783,375,18,"128,181,112","128,181,194","128,281,194","128,081,112","127,392,810","128,392,810","128,081,112","688,302","111,616","1,000,000",82,0,0
BIN1,rs6733839,2,IWS1,376,18,"128,238,382","128,284,087","128,384,087","128,138,382","127,392,810","128,392,810","128,138,382","745,572","8,723","1,000,000","45,705",0,0
BIN1,rs6733839,2,LOC105373609,378,18,"128,317,619","128,328,537","128,428,537","128,217,619","127,392,810","128,392,810","128,217,619","824,809","-35,727","1,000,000","10,918",1,0
CASS4,rs7274581,20,CBLN4,379,19,"54,572,412","54,580,528","54,680,528","54,472,412","54,518,260","55,518,260","54,472,412","-45,848","837,732","1,000,000","8,116",0,1
CASS4,rs7274581,20,MC3R,380,19,"54,823,787","54,824,871","54,924,871","54,723,787","54,518,260","55,518,260","54,723,787","205,527","593,389","1,000,000","1,084",0,0
CASS4,rs7274581,20,FAM210B,381,19,"54,933,982","54,943,718","55,043,718","54,833,982","54,518,260","55,518,260","54,833,982","315,722","474,542","1,000,000","9,736",0,0
CASS4,rs7274581,20,AURKA,382,19,"54,944,444","54,967,393","55,067,393","54,844,444","54,518,260","55,518,260","54,844,444","326,184","450,867","1,000,000","22,949",0,0
CASS4,rs7274581,20,CSTF1,383,19,"54,967,426","54,979,582","55,079,582","54,867,426","54,518,260","55,518,260","54,867,426","349,166","438,678","1,000,000","12,156",0,0
CASS4,rs7274581,20,CASS4,384,19,"54,987,167","55,034,396","55,134,396","54,887,167","54,518,260","55,518,260","54,887,167","368,907","383,864","1,000,000","47,229",0,0
CASS4,rs7274581,20,RTFDC1,385,19,"55,043,640","55,093,942","55,193,942","54,943,640","54,518,260","55,518,260","54,943,640","425,380","324,318","1,000,000","50,302",0,0
CASS4,rs7274581,20,GCNT7,386,19,"55,066,547","55,100,981","55,200,981","54,966,547","54,518,260","55,518,260","54,966,547","448,287","317,279","1,000,000","34,434",0,0
CASS4,rs7274581,20,FAM209A,387,19,"55,099,784","55,101,208","55,201,208","54,999,784","54,518,260","55,518,260","54,999,784","481,524","317,052","1,000,000","1,424",0,0
CASS4,rs7274581,20,FAM209B,388,19,"55,108,301","55,111,574","55,211,574","55,008,301","54,518,260","55,518,260","55,008,301","490,041","306,686","1,000,000","3,273",0,0
CASS4,rs7274581,20,LINC01716,389,19,"55,152,618","55,171,182","55,271,182","55,052,618","54,518,260","55,518,260","55,052,618","534,358","247,078","1,000,000","18,564",0,0
CASS4,rs7274581,20,TFAP2C,390,19,"55,204,357","55,214,338","55,314,338","55,104,357","54,518,260","55,518,260","55,104,357","586,097","203,922","1,000,000","9,981",0,0
DSG2,rs8093731,18,DSC2,392,20,"28,645,939","28,682,395","28,782,395","28,545,939","28,588,958","29,588,958","28,545,939","-43,019","806,563","1,000,000","36,456",0,1
DSG2,rs8093731,18,DSCAS,393,20,"28,681,550","28,742,752","28,842,752","28,581,550","28,588,958","29,588,958","28,581,550","-7,408","746,206","1,000,000","61,202",0,1
DSG2,rs8093731,18,DSC1,394,20,"28,709,213","28,742,819","28,842,819","28,609,213","28,588,958","29,588,958","28,609,213","20,255","746,139","1,000,000","33,606",0,0
DSG2,rs8093731,18,DSG1,395,20,"28,898,051","28,939,209","29,039,209","28,798,051","28,588,958","29,588,958","28,798,051","209,093","549,749","1,000,000","41,158",0,0
DSG2,rs8093731,18,DSG1-AS1,396,20,"28,923,330","28,933,899","29,033,899","28,823,330","28,588,958","29,588,958","28,823,330","234,372","555,059","1,000,000","10,569",0,0
DSG2,rs8093731,18,DSG4,397,20,"28,956,739","28,994,871","29,094,871","28,856,739","28,588,958","29,588,958","28,856,739","267,781","494,087","1,000,000","38,132",0,0
DSG2,rs8093731,18,DSG3,398,20,"29,027,731","29,058,665","29,158,665","28,927,731","28,588,958","29,588,958","28,927,731","338,773","430,293","1,000,000","30,934",0,0
DSG2,rs8093731,18,DSG2,399,20,"29,077,966","29,128,970","29,228,970","28,977,966","28,588,958","29,588,958","28,977,966","389,008","359,988","1,000,000","51,004",0,0
DSG2,rs8093731,18,DSG2-AS1,400,20,"29,122,108","29,136,874","29,236,874","29,022,108","28,588,958","29,588,958","29,022,108","433,150","352,084","1,000,000","14,766",0,0
DSG2,rs8093731,18,TTR,401,20,"29,171,729","29,178,986","29,278,986","29,071,729","28,588,958","29,588,958","29,071,729","482,771","309,972","1,000,000","7,257",0,0
DSG2,rs8093731,18,B4GALT6,402,20,"29,200,998","29,264,686","29,364,686","29,100,998","28,588,958","29,588,958","29,100,998","512,040","224,272","1,000,000","63,688",0,0
DSG2,rs8093731,18,SLC25A52,403,20,"29,339,658","29,340,843","29,440,843","29,239,658","28,588,958","29,588,958","29,239,658","650,700","148,115","1,000,000","1,185",0,0
DSG2,rs8093731,18,TRAPPC8,404,20,"29,409,135","29,523,091","29,623,091","29,309,135","28,588,958","29,588,958","29,309,135","720,177","-34,133","1,000,000","113,956",1,0
HLA-DRB5HLA-DRB1,rs9271192,6,ATF6B,405,21,"32,083,044","32,096,017","32,196,017","31,983,044","32,078,530","33,078,530","31,983,044","-95,486","882,513","1,000,000","12,973",0,1
HLA-DRB5HLA-DRB1,rs9271192,6,FKBPL,406,21,"32,096,483","32,098,067","32,198,067","31,996,483","32,078,530","33,078,530","31,996,483","-82,047","880,463","1,000,000","1,584",0,1
HLA-DRB5HLA-DRB1,rs9271192,6,PRRT1,407,21,"32,116,139","32,119,720","32,219,720","32,016,139","32,078,530","33,078,530","32,016,139","-62,391","858,810","1,000,000","3,581",0,1
HLA-DRB5HLA-DRB1,rs9271192,6,LOC100507547,408,21,"32,120,578","32,122,142","32,222,142","32,020,578","32,078,530","33,078,530","32,020,578","-57,952","856,388","1,000,000","1,564",0,1
HLA-DRB5HLA-DRB1,rs9271192,6,PPT2,409,21,"32,121,228","32,131,458","32,231,458","32,021,228","32,078,530","33,078,530","32,021,228","-57,302","847,072","1,000,000","10,230",0,1
HLA-DRB5HLA-DRB1,rs9271192,6,PPT2-EGFL8,410,21,"32,121,775","32,136,062","32,236,062","32,021,775","32,078,530","33,078,530","32,021,775","-56,755","842,468","1,000,000","14,287",0,1
HLA-DRB5HLA-DRB1,rs9271192,6,EGFL8,411,21,"32,132,381","32,136,062","32,236,062","32,032,381","32,078,530","33,078,530","32,032,381","-46,149","842,468","1,000,000","3,681",0,1
HLA-DRB5HLA-DRB1,rs9271192,6,AGPAT1,412,21,"32,135,982","32,143,916","32,243,916","32,035,982","32,078,530","33,078,530","32,035,982","-42,548","834,614","1,000,000","7,934",0,1
HLA-DRB5HLA-DRB1,rs9271192,6,MIR6721,413,21,"32,137,806","32,137,893","32,237,893","32,037,806","32,078,530","33,078,530","32,037,806","-40,724","840,637","1,000,000",87,0,1
HLA-DRB5HLA-DRB1,rs9271192,6,RNF5,414,21,"32,146,161","32,148,570","32,248,570","32,046,161","32,078,530","33,078,530","32,046,161","-32,369","829,960","1,000,000","2,409",0,1
HLA-DRB5HLA-DRB1,rs9271192,6,RNF5P1,415,21,"32,146,231","32,148,567","32,248,567","32,046,231","32,078,530","33,078,530","32,046,231","-32,299","829,963","1,000,000","2,336",0,1
HLA-DRB5HLA-DRB1,rs9271192,6,MIR6833,416,21,"32,147,592","32,147,653","32,247,653","32,047,592","32,078,530","33,078,530","32,047,592","-30,938","830,877","1,000,000",61,0,1
HLA-DRB5HLA-DRB1,rs9271192,6,AGER,417,21,"32,148,744","32,152,099","32,252,099","32,048,744","32,078,530","33,078,530","32,048,744","-29,786","826,431","1,000,000","3,355",0,1
HLA-DRB5HLA-DRB1,rs9271192,6,PBX2,418,21,"32,152,509","32,157,963","32,257,963","32,052,509","32,078,530","33,078,530","32,052,509","-26,021","820,567","1,000,000","5,454",0,1
HLA-DRB5HLA-DRB1,rs9271192,6,GPSM3,419,21,"32,158,542","32,163,300","32,263,300","32,058,542","32,078,530","33,078,530","32,058,542","-19,988","815,230","1,000,000","4,758",0,1
HLA-DRB5HLA-DRB1,rs9271192,6,NOTCH4,420,21,"32,162,619","32,191,844","32,291,844","32,062,619","32,078,530","33,078,530","32,062,619","-15,911","786,686","1,000,000","29,225",0,1
HLA-DRB5HLA-DRB1,rs9271192,6,LOC101929163,421,21,"32,222,949","32,317,816","32,417,816","32,122,949","32,078,530","33,078,530","32,122,949","44,419","660,714","1,000,000","94,867",0,0
HLA-DRB5HLA-DRB1,rs9271192,6,C6orf10,422,21,"32,260,474","32,339,689","32,439,689","32,160,474","32,078,530","33,078,530","32,160,474","81,944","638,841","1,000,000","79,215",0,0
HLA-DRB5HLA-DRB1,rs9271192,6,HCG23,423,21,"32,358,286","32,361,468","32,461,468","32,258,286","32,078,530","33,078,530","32,258,286","179,756","617,062","1,000,000","3,182",0,0
HLA-DRB5HLA-DRB1,rs9271192,6,BTNL2,424,21,"32,361,115","32,374,907","32,474,907","32,261,115","32,078,530","33,078,530","32,261,115","182,585","603,623","1,000,000","13,792",0,0
HLA-DRB5HLA-DRB1,rs9271192,6,HLA-DRA,425,21,"32,407,618","32,412,826","32,512,826","32,307,618","32,078,530","33,078,530","32,307,618","229,088","565,704","1,000,000","5,208",0,0
HLA-DRB5HLA-DRB1,rs9271192,6,HLA-DRB5,426,21,"32,485,153","32,498,006","32,598,006","32,385,153","32,078,530","33,078,530","32,385,153","306,623","480,524","1,000,000","12,853",0,0
HLA-DRB5HLA-DRB1,rs9271192,6,HLA-DRB6,427,21,"32,520,489","32,527,779","32,627,779","32,420,489","32,078,530","33,078,530","32,420,489","341,959","450,751","1,000,000","7,290",0,0
HLA-DRB5HLA-DRB1,rs9271192,6,HLA-DRB1,428,21,"32,546,546","32,557,613","32,657,613","32,446,546","32,078,530","33,078,530","32,446,546","368,016","420,917","1,000,000","11,067",0,0
HLA-DRB5HLA-DRB1,rs9271192,6,HLA-DQA1,429,21,"32,605,182","32,611,429","32,711,429","32,505,182","32,078,530","33,078,530","32,505,182","426,652","367,101","1,000,000","6,247",0,0
HLA-DRB5HLA-DRB1,rs9271192,6,HLA-DQB1,430,21,"32,627,240","32,634,466","32,734,466","32,527,240","32,078,530","33,078,530","32,527,240","448,710","344,064","1,000,000","7,226",0,0
HLA-DRB5HLA-DRB1,rs9271192,6,HLA-DQB1-AS1,431,21,"32,627,656","32,628,506","32,728,506","32,527,656","32,078,530","33,078,530","32,527,656","449,126","350,024","1,000,000",850,0,0
HLA-DRB5HLA-DRB1,rs9271192,6,HLA-DQA2,432,21,"32,709,162","32,714,664","32,814,664","32,609,162","32,078,530","33,078,530","32,609,162","530,632","263,866","1,000,000","5,502",0,0
HLA-DRB5HLA-DRB1,rs9271192,6,MIR3135B,433,21,"32,717,688","32,717,756","32,817,756","32,617,688","32,078,530","33,078,530","32,617,688","539,158","260,774","1,000,000",68,0,0
HLA-DRB5HLA-DRB1,rs9271192,6,HLA-DQB2,434,21,"32,723,874","32,731,330","32,831,330","32,623,874","32,078,530","33,078,530","32,623,874","545,344","247,200","1,000,000","7,456",0,0
HLA-DRB5HLA-DRB1,rs9271192,6,HLA-DOB,435,21,"32,780,539","32,784,825","32,884,825","32,680,539","32,078,530","33,078,530","32,680,539","602,009","193,705","1,000,000","4,286",0,0
HLA-DRB5HLA-DRB1,rs9271192,6,TAP2,436,21,"32,789,609","32,806,547","32,906,547","32,689,609","32,078,530","33,078,530","32,689,609","611,079","171,983","1,000,000","16,938",0,0
HLA-DRB5HLA-DRB1,rs9271192,6,PSMB8,437,21,"32,808,493","32,812,712","32,912,712","32,708,493","32,078,530","33,078,530","32,708,493","629,963","165,818","1,000,000","4,219",0,0
HLA-DRB5HLA-DRB1,rs9271192,6,PSMB8-AS1,438,21,"32,811,862","32,814,277","32,914,277","32,711,862","32,078,530","33,078,530","32,711,862","633,332","164,253","1,000,000","2,415",0,0
HLA-DRB5HLA-DRB1,rs9271192,6,TAP1,439,21,"32,812,985","32,820,564","32,920,564","32,712,985","32,078,530","33,078,530","32,712,985","634,455","157,966","1,000,000","7,579",0,0
HLA-DRB5HLA-DRB1,rs9271192,6,PSMB9,440,21,"32,821,937","32,827,628","32,927,628","32,721,937","32,078,530","33,078,530","32,721,937","643,407","150,902","1,000,000","5,691",0,0
HLA-DRB5HLA-DRB1,rs9271192,6,LOC100294145,441,21,"32,861,952","32,871,535","32,971,535","32,761,952","32,078,530","33,078,530","32,761,952","683,422","106,995","1,000,000","9,583",0,0
HLA-DRB5HLA-DRB1,rs9271192,6,HLA-DMB,442,21,"32,902,405","32,908,847","33,008,847","32,802,405","32,078,530","33,078,530","32,802,405","723,875","69,683","1,000,000","6,442",0,0
HLA-DRB5HLA-DRB1,rs9271192,6,HLA-DMA,443,21,"32,916,390","32,920,899","33,020,899","32,816,390","32,078,530","33,078,530","32,816,390","737,860","57,631","1,000,000","4,509",0,0
HLA-DRB5HLA-DRB1,rs9271192,6,BRD2,444,21,"32,936,436","32,949,282","33,049,282","32,836,436","32,078,530","33,078,530","32,836,436","757,906","29,248","1,000,000","12,846",0,0
HLA-DRB5HLA-DRB1,rs9271192,6,HLA-DOA,445,21,"32,971,959","32,977,389","33,077,389","32,871,959","32,078,530","33,078,530","32,871,959","793,429","1,141","1,000,000","5,430",0,0
HLA-DRB5HLA-DRB1,rs9271192,6,HLA-DPA1,446,21,"33,032,345","33,041,454","33,141,454","32,932,345","32,078,530","33,078,530","32,932,345","853,815","-62,924","1,000,000","9,109",1,0
HLA-DRB5HLA-DRB1,rs9271192,6,HLA-DPB1,447,21,"33,043,702","33,057,473","33,157,473","32,943,702","32,078,530","33,078,530","32,943,702","865,172","-78,943","1,000,000","13,771",1,0
CLU,rs9331896,8,SCARA5,448,22,"27,727,398","27,850,369","27,950,369","27,627,398","26,967,686","27,967,686","27,627,398","659,712","17,317","1,000,000","122,971",0,0
CLU,rs9331896,8,MIR4287,449,22,"27,743,555","27,743,633","27,843,633","27,643,555","26,967,686","27,967,686","27,643,555","675,869","124,053","1,000,000",78,0,0
CLU,rs9331896,8,NUGGC,450,22,"27,879,480","27,941,388","28,041,388","27,779,480","26,967,686","27,967,686","27,779,480","811,794","-73,702","1,000,000","61,908",1,0
TREM2/TREML2,rs75932628,6,LOC101929555,452,23,"40,846,624","40,991,019","41,091,019","40,746,624","40,629,252","41,629,252","40,746,624","117,372","538,233","1,000,000","144,395",0,0
TREM2/TREML2,rs75932628,6,UNC5CL,453,23,"40,994,639","41,006,938","41,106,938","40,894,639","40,629,252","41,629,252","40,894,639","265,387","522,314","1,000,000","12,299",0,0
TREM2/TREML2,rs75932628,6,TSPO2,454,23,"41,010,236","41,012,076","41,112,076","40,910,236","40,629,252","41,629,252","40,910,236","280,984","517,176","1,000,000","1,840",0,0
TREM2/TREML2,rs75932628,6,APOBEC2,455,23,"41,020,939","41,032,630","41,132,630","40,920,939","40,629,252","41,629,252","40,920,939","291,687","496,622","1,000,000","11,691",0,0
TREM2/TREML2,rs75932628,6,OARD1,456,23,"41,034,526","41,039,579","41,139,579","40,934,526","40,629,252","41,629,252","40,934,526","305,274","489,673","1,000,000","5,053",0,0
TREM2/TREML2,rs75932628,6,NFYA,457,23,"41,040,706","41,070,146","41,170,146","40,940,706","40,629,252","41,629,252","40,940,706","311,454","459,106","1,000,000","29,440",0,0
TREM2/TREML2,rs75932628,6,ADCY10P1,458,23,"41,068,772","41,108,573","41,208,573","40,968,772","40,629,252","41,629,252","40,968,772","339,520","420,679","1,000,000","39,801",0,0
TREM2/TREML2,rs75932628,6,TREML1,459,23,"41,116,998","41,122,087","41,222,087","41,016,998","40,629,252","41,629,252","41,016,998","387,746","407,165","1,000,000","5,089",0,0
TREM2/TREML2,rs75932628,6,TREM2,460,23,"41,126,243","41,130,924","41,230,924","41,026,243","40,629,252","41,629,252","41,026,243","396,991","398,328","1,000,000","4,681",0,0
TREM2/TREML2,rs75932628,6,TREML2,461,23,"41,157,486","41,168,925","41,268,925","41,057,486","40,629,252","41,629,252","41,057,486","428,234","360,327","1,000,000","11,439",0,0
TREM2/TREML2,rs75932628,6,TREML3P,462,23,"41,176,291","41,185,685","41,285,685","41,076,291","40,629,252","41,629,252","41,076,291","447,039","343,567","1,000,000","9,394",0,0
TREM2/TREML2,rs75932628,6,TREML4,463,23,"41,196,061","41,206,120","41,306,120","41,096,061","40,629,252","41,629,252","41,096,061","466,809","323,132","1,000,000","10,059",0,0
TREM2/TREML2,rs75932628,6,TREML5P,464,23,"41,217,114","41,217,327","41,317,327","41,117,114","40,629,252","41,629,252","41,117,114","487,862","311,925","1,000,000",213,0,0
TREM2/TREML2,rs75932628,6,TREM1,465,23,"41,235,122","41,254,483","41,354,483","41,135,122","40,629,252","41,629,252","41,135,122","505,870","274,769","1,000,000","19,361",0,0
TREM2/TREML2,rs75932628,6,NCR2,466,23,"41,303,527","41,318,625","41,418,625","41,203,527","40,629,252","41,629,252","41,203,527","574,275","210,627","1,000,000","15,098",0,0
TREM2/TREML2,rs75932628,6,LINC01276,467,23,"41,470,181","41,487,590","41,587,590","41,370,181","40,629,252","41,629,252","41,370,181","740,929","41,662","1,000,000","17,409",0,0
TREM2/TREML2,rs75932628,6,FOXP4-AS1,468,23,"41,491,632","41,513,981","41,613,981","41,391,632","40,629,252","41,629,252","41,391,632","762,380","15,271","1,000,000","22,349",0,0
TREM2/TREML2,rs75932628,6,FOXP4,469,23,"41,514,163","41,570,122","41,670,122","41,414,163","40,629,252","41,629,252","41,414,163","784,911","-40,870","1,000,000","55,959",1,0
TREM2/TREML2,rs75932628,6,MIR4641,470,23,"41,566,460","41,566,526","41,666,526","41,466,460","40,629,252","41,629,252","41,466,460","837,208","-37,274","1,000,000",66,1,0
TREM2/TREML2,rs75932628,6,MDFI,471,23,"41,604,914","41,621,982","41,721,982","41,504,914","40,629,252","41,629,252","41,504,914","875,662","-92,730","1,000,000","17,068",1,0
MS4A6A,rs983392,11,OR10V1,473,24,"59,480,388","59,481,318","59,581,318","59,380,388","59,423,508","60,423,508","59,380,388","-43,120","842,190","1,000,000",930,0,1
MS4A6A,rs983392,11,OR10V2P,474,24,"59,516,284","59,517,054","59,617,054","59,416,284","59,423,508","60,423,508","59,416,284","-7,224","806,454","1,000,000",770,0,1
MS4A6A,rs983392,11,STX3,475,24,"59,522,531","59,573,355","59,673,355","59,422,531","59,423,508","60,423,508","59,422,531",-977,"750,153","1,000,000","50,824",0,1
MS4A6A,rs983392,11,MRPL16,476,24,"59,573,607","59,578,345","59,678,345","59,473,607","59,423,508","60,423,508","59,473,607","50,099","745,163","1,000,000","4,738",0,0
MS4A6A,rs983392,11,GIF,477,24,"59,596,745","59,612,974","59,712,974","59,496,745","59,423,508","60,423,508","59,496,745","73,237","710,534","1,000,000","16,229",0,0
MS4A6A,rs983392,11,TCN1,478,24,"59,620,280","59,634,041","59,734,041","59,520,280","59,423,508","60,423,508","59,520,280","96,772","689,467","1,000,000","13,761",0,0
MS4A6A,rs983392,11,OOSP1,479,24,"59,710,351","59,763,318","59,863,318","59,610,351","59,423,508","60,423,508","59,610,351","186,843","560,190","1,000,000","52,967",0,0
MS4A6A,rs983392,11,OOSP2,480,24,"59,807,747","59,815,516","59,915,516","59,707,747","59,423,508","60,423,508","59,707,747","284,239","507,992","1,000,000","7,769",0,0
MS4A6A,rs983392,11,MS4A3,481,24,"59,824,100","59,838,588","59,938,588","59,724,100","59,423,508","60,423,508","59,724,100","300,592","484,920","1,000,000","14,488",0,0
MS4A6A,rs983392,11,MS4A2,482,24,"59,856,136","59,865,940","59,965,940","59,756,136","59,423,508","60,423,508","59,756,136","332,628","457,568","1,000,000","9,804",0,0
MS4A6A,rs983392,11,MS4A6A,483,24,"59,939,079","59,952,139","60,052,139","59,839,079","59,423,508","60,423,508","59,839,079","415,571","371,369","1,000,000","13,060",0,0
MS4A6A,rs983392,11,MS4A4E,484,24,"59,968,725","60,010,561","60,110,561","59,868,725","59,423,508","60,423,508","59,868,725","445,217","312,947","1,000,000","41,836",0,0
MS4A6A,rs983392,11,MIR6503,485,24,"59,976,543","59,976,629","60,076,629","59,876,543","59,423,508","60,423,508","59,876,543","453,035","346,879","1,000,000",86,0,0
MS4A6A,rs983392,11,MS4A4A,486,24,"60,048,013","60,076,445","60,176,445","59,948,013","59,423,508","60,423,508","59,948,013","524,505","247,063","1,000,000","28,432",0,0
MS4A6A,rs983392,11,MS4A6E,487,24,"60,102,354","60,108,441","60,208,441","60,002,354","59,423,508","60,423,508","60,002,354","578,846","215,067","1,000,000","6,087",0,0
MS4A6A,rs983392,11,MS4A7,488,24,"60,145,957","60,163,426","60,263,426","60,045,957","59,423,508","60,423,508","60,045,957","622,449","160,082","1,000,000","17,469",0,0
MS4A6A,rs983392,11,MS4A14,489,24,"60,163,486","60,185,228","60,285,228","60,063,486","59,423,508","60,423,508","60,063,486","639,978","138,280","1,000,000","21,742",0,0
MS4A6A,rs983392,11,MS4A5,490,24,"60,197,061","60,215,265","60,315,265","60,097,061","59,423,508","60,423,508","60,097,061","673,553","108,243","1,000,000","18,204",0,0
MS4A6A,rs983392,11,MS4A1,491,24,"60,223,281","60,238,225","60,338,225","60,123,281","59,423,508","60,423,508","60,123,281","699,773","85,283","1,000,000","14,944",0,0
MS4A6A,rs983392,11,MS4A12,492,24,"60,260,250","60,274,901","60,374,901","60,160,250","59,423,508","60,423,508","60,160,250","736,742","48,607","1,000,000","14,651",0,0
MS4A6A,rs983392,11,MS4A13,493,24,"60,282,885","60,310,191","60,410,191","60,182,885","59,423,508","60,423,508","60,182,885","759,377","13,317","1,000,000","27,306",0,0
